delivery_id,order_id,delivery_status,delivery_time,rider_id
1,1,Delivered,24,205
2,2,Delivered,22,118
3,3,Delivered,60,265
4,4,Out for Delivery,14,299
5,5,Delivered,54,17
6,6,Delivered,21,36
7,7,Delivered,70,164
8,8,Delivered,60,28
9,9,Delivered,73,16
10,10,Delivered,28,281
11,11,Delivered,38,271
12,12,Delivered,41,48
13,13,Cancelled,0,204
14,14,Delivered,65,246
15,15,Delivered,43,80
16,16,Delivered,50,239
17,17,Out for Delivery,36,39
18,18,Delivered,49,279
19,19,Delivered,59,57
20,20,Delivered,47,116
21,21,Delivered,41,260
22,22,Delivered,48,141
23,23,Delivered,29,55
24,24,Cancelled,0,182
25,25,Delivered,24,172
26,26,Delivered,49,208
27,27,Delivered,31,197
28,28,Delivered,39,183
29,29,Delivered,69,105
30,30,Delivered,73,59
31,31,Delivered,57,128
32,32,Delivered,59,161
33,33,Delivered,24,146
34,34,Delivered,71,60
35,35,Delivered,43,287
36,36,Out for Delivery,15,188
37,37,Delivered,53,292
38,38,Delivered,60,299
39,39,Delivered,73,88
40,40,Delivered,66,278
41,41,Delivered,32,34
42,42,Delivered,45,52
43,43,Delivered,67,173
44,44,Delivered,31,293
45,45,Delivered,20,95
46,46,Delivered,75,155
47,47,Delivered,45,295
48,48,Delivered,62,12
49,49,Delivered,53,18
50,50,Delivered,32,121
51,51,Delivered,43,44
52,52,Delivered,24,201
53,53,Delivered,48,92
54,54,Delivered,28,196
55,55,Delivered,54,144
56,56,Delivered,66,242
57,57,Delivered,44,77
58,58,Delivered,70,197
59,59,Delivered,62,160
60,60,Delivered,44,68
61,61,Delivered,44,21
62,62,Out for Delivery,13,28
63,63,Delivered,32,62
64,64,Delivered,44,164
65,65,Delivered,37,262
66,66,Delivered,40,30
67,67,Delivered,45,127
68,68,Delivered,37,200
69,69,Delivered,51,157
70,70,Delivered,38,285
71,71,Delivered,22,124
72,72,Delivered,20,169
73,73,Delivered,75,201
74,74,Delivered,37,30
75,75,Delivered,58,269
76,76,Delivered,51,32
77,77,Delivered,65,170
78,78,Delivered,38,224
79,79,Delivered,55,7
80,80,Delivered,74,39
81,81,Out for Delivery,14,106
82,82,Out for Delivery,10,191
83,83,Delivered,38,87
84,84,Delivered,63,1
85,85,Cancelled,0,10
86,86,Cancelled,0,283
87,87,Delivered,67,204
88,88,Delivered,25,118
89,89,Delivered,68,280
90,90,Delivered,27,189
91,91,Delivered,67,8
92,92,Delivered,46,76
93,93,Delivered,33,30
94,94,Delivered,41,80
95,95,Delivered,65,255
96,96,Delivered,36,200
97,97,Delivered,60,81
98,98,Delivered,38,61
99,99,Delivered,31,169
100,100,Delivered,34,153
101,101,Cancelled,0,152
102,102,Delivered,41,184
103,103,Delivered,57,43
104,104,Delivered,51,244
105,105,Delivered,54,139
106,106,Delivered,57,123
107,107,Delivered,59,213
108,108,Delivered,50,218
109,109,Delivered,53,222
110,110,Delivered,31,291
111,111,Cancelled,0,46
112,112,Delivered,35,222
113,113,Delivered,29,65
114,114,Delivered,70,33
115,115,Delivered,70,218
116,116,Delivered,22,165
117,117,Cancelled,0,36
118,118,Delivered,32,168
119,119,Delivered,26,266
120,120,Delivered,22,67
121,121,Delivered,70,295
122,122,Delivered,33,143
123,123,Delivered,43,251
124,124,Delivered,38,221
125,125,Delivered,70,237
126,126,Delivered,29,113
127,127,Delivered,41,154
128,128,Cancelled,0,215
129,129,Delivered,40,175
130,130,Delivered,42,106
131,131,Cancelled,0,87
132,132,Delivered,42,1
133,133,Delivered,35,242
134,134,Delivered,60,25
135,135,Delivered,29,173
136,136,Delivered,25,72
137,137,Delivered,38,48
138,138,Delivered,55,232
139,139,Delivered,35,12
140,140,Delivered,29,113
141,141,Delivered,30,91
142,142,Delivered,75,107
143,143,Delivered,75,186
144,144,Delivered,27,2
145,145,Delivered,35,169
146,146,Delivered,50,130
147,147,Delivered,32,298
148,148,Delivered,44,259
149,149,Delivered,61,148
150,150,Delivered,45,189
151,151,Delivered,40,54
152,152,Delivered,75,168
153,153,Delivered,60,188
154,154,Delivered,24,124
155,155,Cancelled,0,216
156,156,Delivered,30,56
157,157,Delivered,25,94
158,158,Delivered,33,17
159,159,Delivered,68,152
160,160,Delivered,42,200
161,161,Delivered,42,146
162,162,Delivered,24,31
163,163,Cancelled,0,66
164,164,Delivered,41,140
165,165,Delivered,44,11
166,166,Cancelled,0,19
167,167,Delivered,66,197
168,168,Delivered,69,275
169,169,Delivered,32,130
170,170,Delivered,52,193
171,171,Delivered,64,201
172,172,Delivered,73,263
173,173,Delivered,52,214
174,174,Delivered,39,247
175,175,Delivered,59,147
176,176,Delivered,36,21
177,177,Delivered,44,136
178,178,Delivered,22,54
179,179,Delivered,69,77
180,180,Delivered,40,29
181,181,Cancelled,0,91
182,182,Delivered,39,155
183,183,Delivered,22,18
184,184,Delivered,43,222
185,185,Delivered,32,19
186,186,Delivered,40,166
187,187,Cancelled,0,186
188,188,Delivered,57,72
189,189,Delivered,74,222
190,190,Delivered,61,185
191,191,Delivered,45,91
192,192,Delivered,56,285
193,193,Delivered,43,279
194,194,Delivered,52,85
195,195,Delivered,72,123
196,196,Delivered,67,55
197,197,Delivered,41,172
198,198,Delivered,53,96
199,199,Delivered,40,209
200,200,Delivered,66,90
201,201,Delivered,29,165
202,202,Delivered,29,180
203,203,Delivered,42,276
204,204,Delivered,55,241
205,205,Delivered,68,262
206,206,Delivered,46,100
207,207,Delivered,54,257
208,208,Delivered,63,73
209,209,Delivered,35,296
210,210,Delivered,23,219
211,211,Delivered,51,185
212,212,Delivered,45,287
213,213,Delivered,37,60
214,214,Delivered,70,158
215,215,Delivered,56,245
216,216,Delivered,25,232
217,217,Out for Delivery,21,216
218,218,Delivered,26,293
219,219,Delivered,46,243
220,220,Delivered,27,291
221,221,Delivered,28,119
222,222,Delivered,63,221
223,223,Delivered,50,292
224,224,Cancelled,0,260
225,225,Delivered,46,29
226,226,Delivered,34,268
227,227,Delivered,51,90
228,228,Delivered,75,114
229,229,Delivered,31,298
230,230,Delivered,43,112
231,231,Delivered,74,204
232,232,Delivered,32,151
233,233,Cancelled,0,83
234,234,Delivered,48,57
235,235,Delivered,55,259
236,236,Delivered,51,172
237,237,Delivered,45,91
238,238,Delivered,56,221
239,239,Delivered,37,104
240,240,Delivered,64,172
241,241,Delivered,40,50
242,242,Delivered,34,147
243,243,Delivered,74,262
244,244,Delivered,70,125
245,245,Delivered,68,69
246,246,Delivered,68,79
247,247,Delivered,65,256
248,248,Delivered,51,104
249,249,Delivered,69,256
250,250,Delivered,74,14
251,251,Delivered,52,240
252,252,Delivered,40,16
253,253,Delivered,63,213
254,254,Delivered,42,14
255,255,Delivered,41,102
256,256,Out for Delivery,34,31
257,257,Out for Delivery,14,91
258,258,Delivered,69,241
259,259,Delivered,50,20
260,260,Delivered,73,83
261,261,Out for Delivery,35,241
262,262,Out for Delivery,23,155
263,263,Out for Delivery,12,155
264,264,Delivered,51,92
265,265,Delivered,32,14
266,266,Delivered,75,202
267,267,Delivered,26,223
268,268,Delivered,26,186
269,269,Delivered,69,142
270,270,Out for Delivery,35,63
271,271,Delivered,72,267
272,272,Delivered,66,188
273,273,Delivered,65,149
274,274,Delivered,38,278
275,275,Delivered,36,211
276,276,Delivered,23,68
277,277,Delivered,51,238
278,278,Cancelled,0,70
279,279,Out for Delivery,17,253
280,280,Delivered,55,109
281,281,Delivered,67,203
282,282,Delivered,65,270
283,283,Delivered,46,190
284,284,Delivered,52,13
285,285,Delivered,62,59
286,286,Delivered,52,160
287,287,Delivered,28,121
288,288,Delivered,71,140
289,289,Delivered,27,63
290,290,Delivered,62,39
291,291,Delivered,30,19
292,292,Delivered,59,21
293,293,Delivered,61,224
294,294,Delivered,52,55
295,295,Delivered,58,227
296,296,Out for Delivery,30,259
297,297,Delivered,46,264
298,298,Delivered,60,109
299,299,Delivered,72,43
300,300,Delivered,58,164
301,301,Delivered,34,207
302,302,Delivered,72,117
303,303,Delivered,61,50
304,304,Delivered,25,241
305,305,Delivered,21,124
306,306,Delivered,70,28
307,307,Delivered,25,36
308,308,Delivered,54,204
309,309,Delivered,59,244
310,310,Cancelled,0,100
311,311,Delivered,42,29
312,312,Delivered,66,186
313,313,Delivered,33,15
314,314,Delivered,28,222
315,315,Delivered,28,46
316,316,Delivered,20,152
317,317,Delivered,65,21
318,318,Out for Delivery,19,80
319,319,Delivered,47,269
320,320,Out for Delivery,33,90
321,321,Delivered,44,258
322,322,Delivered,36,105
323,323,Delivered,41,209
324,324,Delivered,72,90
325,325,Delivered,51,192
326,326,Delivered,58,196
327,327,Delivered,46,182
328,328,Delivered,65,95
329,329,Cancelled,0,202
330,330,Delivered,62,130
331,331,Delivered,61,108
332,332,Delivered,70,50
333,333,Delivered,59,213
334,334,Out for Delivery,35,86
335,335,Delivered,28,57
336,336,Delivered,46,154
337,337,Delivered,28,266
338,338,Delivered,25,144
339,339,Delivered,62,216
340,340,Out for Delivery,20,286
341,341,Delivered,28,27
342,342,Delivered,74,101
343,343,Delivered,61,2
344,344,Delivered,33,51
345,345,Delivered,60,205
346,346,Delivered,40,181
347,347,Delivered,26,107
348,348,Cancelled,0,98
349,349,Delivered,37,31
350,350,Delivered,48,18
351,351,Delivered,42,20
352,352,Delivered,50,261
353,353,Delivered,39,162
354,354,Delivered,62,290
355,355,Delivered,36,25
356,356,Delivered,65,110
357,357,Delivered,73,76
358,358,Out for Delivery,40,165
359,359,Delivered,63,226
360,360,Delivered,71,165
361,361,Cancelled,0,15
362,362,Delivered,57,197
363,363,Delivered,41,56
364,364,Delivered,51,219
365,365,Delivered,30,163
366,366,Delivered,49,127
367,367,Delivered,49,132
368,368,Delivered,50,65
369,369,Delivered,60,102
370,370,Delivered,40,245
371,371,Delivered,27,18
372,372,Out for Delivery,26,249
373,373,Delivered,67,160
374,374,Delivered,23,196
375,375,Delivered,68,42
376,376,Delivered,57,66
377,377,Out for Delivery,16,259
378,378,Delivered,36,198
379,379,Delivered,42,67
380,380,Delivered,58,270
381,381,Delivered,55,187
382,382,Delivered,34,131
383,383,Delivered,29,297
384,384,Delivered,42,138
385,385,Delivered,30,151
386,386,Delivered,55,200
387,387,Delivered,35,168
388,388,Delivered,31,94
389,389,Delivered,38,24
390,390,Delivered,45,279
391,391,Delivered,28,159
392,392,Cancelled,0,283
393,393,Delivered,71,6
394,394,Cancelled,0,99
395,395,Out for Delivery,17,263
396,396,Delivered,69,128
397,397,Delivered,60,194
398,398,Delivered,37,31
399,399,Delivered,42,273
400,400,Delivered,40,121
401,401,Delivered,48,50
402,402,Delivered,46,48
403,403,Delivered,32,163
404,404,Delivered,67,49
405,405,Delivered,26,159
406,406,Delivered,33,192
407,407,Delivered,49,277
408,408,Delivered,28,120
409,409,Delivered,50,93
410,410,Cancelled,0,103
411,411,Delivered,43,7
412,412,Delivered,44,76
413,413,Delivered,41,195
414,414,Delivered,56,125
415,415,Out for Delivery,29,23
416,416,Out for Delivery,20,75
417,417,Delivered,26,226
418,418,Delivered,72,228
419,419,Delivered,61,93
420,420,Cancelled,0,107
421,421,Delivered,44,269
422,422,Delivered,28,148
423,423,Delivered,28,281
424,424,Delivered,26,34
425,425,Delivered,45,15
426,426,Delivered,28,102
427,427,Delivered,73,193
428,428,Delivered,49,172
429,429,Delivered,40,136
430,430,Delivered,50,77
431,431,Delivered,65,17
432,432,Delivered,29,46
433,433,Cancelled,0,56
434,434,Delivered,58,112
435,435,Delivered,44,117
436,436,Delivered,36,71
437,437,Delivered,69,10
438,438,Delivered,40,276
439,439,Delivered,58,246
440,440,Delivered,43,11
441,441,Delivered,26,86
442,442,Delivered,21,48
443,443,Delivered,32,27
444,444,Delivered,70,239
445,445,Delivered,40,38
446,446,Delivered,48,3
447,447,Delivered,38,164
448,448,Delivered,22,134
449,449,Delivered,54,13
450,450,Delivered,64,111
451,451,Delivered,59,158
452,452,Delivered,52,215
453,453,Cancelled,0,198
454,454,Delivered,50,242
455,455,Delivered,62,241
456,456,Cancelled,0,80
457,457,Delivered,36,222
458,458,Delivered,21,30
459,459,Cancelled,0,201
460,460,Delivered,49,40
461,461,Delivered,60,246
462,462,Delivered,49,205
463,463,Delivered,51,212
464,464,Delivered,74,262
465,465,Delivered,74,202
466,466,Delivered,71,214
467,467,Delivered,67,219
468,468,Delivered,64,239
469,469,Delivered,39,287
470,470,Delivered,36,175
471,471,Delivered,45,26
472,472,Delivered,25,289
473,473,Delivered,69,173
474,474,Delivered,49,241
475,475,Delivered,34,219
476,476,Delivered,28,53
477,477,Delivered,26,207
478,478,Delivered,69,117
479,479,Cancelled,0,98
480,480,Delivered,29,200
481,481,Delivered,30,211
482,482,Delivered,30,138
483,483,Delivered,24,214
484,484,Cancelled,0,120
485,485,Delivered,67,61
486,486,Delivered,36,180
487,487,Delivered,32,272
488,488,Out for Delivery,37,243
489,489,Delivered,47,26
490,490,Delivered,58,245
491,491,Delivered,63,214
492,492,Out for Delivery,17,103
493,493,Delivered,25,119
494,494,Cancelled,0,267
495,495,Delivered,31,136
496,496,Delivered,64,84
497,497,Delivered,26,187
498,498,Delivered,72,81
499,499,Delivered,24,66
500,500,Delivered,26,177
501,501,Cancelled,0,210
502,502,Delivered,44,180
503,503,Delivered,69,76
504,504,Cancelled,0,114
505,505,Delivered,56,236
506,506,Cancelled,0,168
507,507,Out for Delivery,13,300
508,508,Delivered,35,147
509,509,Delivered,36,257
510,510,Out for Delivery,36,3
511,511,Delivered,20,174
512,512,Delivered,59,286
513,513,Delivered,58,239
514,514,Delivered,45,5
515,515,Delivered,60,247
516,516,Delivered,30,214
517,517,Delivered,70,279
518,518,Cancelled,0,89
519,519,Delivered,30,269
520,520,Delivered,52,165
521,521,Delivered,28,120
522,522,Delivered,73,189
523,523,Delivered,26,200
524,524,Delivered,46,231
525,525,Delivered,43,180
526,526,Delivered,31,258
527,527,Delivered,44,109
528,528,Delivered,65,58
529,529,Delivered,20,211
530,530,Delivered,51,151
531,531,Delivered,29,69
532,532,Delivered,22,31
533,533,Delivered,31,21
534,534,Delivered,29,257
535,535,Delivered,64,79
536,536,Delivered,38,49
537,537,Delivered,32,173
538,538,Delivered,42,128
539,539,Delivered,66,74
540,540,Cancelled,0,149
541,541,Delivered,52,145
542,542,Delivered,34,133
543,543,Delivered,65,256
544,544,Delivered,62,27
545,545,Delivered,48,206
546,546,Delivered,68,198
547,547,Delivered,65,126
548,548,Delivered,50,23
549,549,Out for Delivery,10,75
550,550,Delivered,35,260
551,551,Delivered,21,28
552,552,Delivered,51,180
553,553,Delivered,34,237
554,554,Cancelled,0,205
555,555,Cancelled,0,91
556,556,Delivered,36,233
557,557,Delivered,51,257
558,558,Out for Delivery,26,207
559,559,Delivered,36,84
560,560,Out for Delivery,16,129
561,561,Delivered,63,172
562,562,Delivered,67,65
563,563,Delivered,67,176
564,564,Delivered,29,288
565,565,Delivered,27,103
566,566,Cancelled,0,120
567,567,Delivered,36,279
568,568,Delivered,25,245
569,569,Delivered,51,114
570,570,Delivered,63,51
571,571,Cancelled,0,116
572,572,Delivered,72,228
573,573,Delivered,42,17
574,574,Delivered,25,159
575,575,Delivered,33,59
576,576,Cancelled,0,172
577,577,Delivered,33,185
578,578,Delivered,36,86
579,579,Delivered,63,280
580,580,Delivered,42,64
581,581,Delivered,39,244
582,582,Delivered,53,282
583,583,Delivered,51,139
584,584,Delivered,63,216
585,585,Delivered,44,69
586,586,Delivered,64,149
587,587,Delivered,51,256
588,588,Delivered,50,204
589,589,Delivered,27,249
590,590,Delivered,20,152
591,591,Delivered,40,153
592,592,Delivered,38,139
593,593,Delivered,30,74
594,594,Cancelled,0,236
595,595,Delivered,51,175
596,596,Delivered,70,4
597,597,Delivered,52,115
598,598,Delivered,30,116
599,599,Delivered,28,283
600,600,Delivered,44,32
601,601,Delivered,21,211
602,602,Delivered,68,110
603,603,Delivered,39,222
604,604,Delivered,40,237
605,605,Delivered,24,67
606,606,Delivered,70,92
607,607,Delivered,56,47
608,608,Out for Delivery,10,244
609,609,Delivered,41,261
610,610,Delivered,58,37
611,611,Delivered,53,40
612,612,Delivered,52,133
613,613,Delivered,34,291
614,614,Delivered,40,121
615,615,Delivered,55,85
616,616,Delivered,38,182
617,617,Delivered,64,283
618,618,Delivered,49,75
619,619,Delivered,32,229
620,620,Delivered,68,70
621,621,Delivered,41,21
622,622,Delivered,66,112
623,623,Delivered,66,287
624,624,Delivered,31,84
625,625,Delivered,33,270
626,626,Delivered,48,195
627,627,Delivered,46,82
628,628,Delivered,33,128
629,629,Delivered,69,294
630,630,Delivered,41,296
631,631,Delivered,22,201
632,632,Delivered,39,49
633,633,Delivered,66,118
634,634,Delivered,69,44
635,635,Delivered,23,57
636,636,Delivered,22,30
637,637,Delivered,25,108
638,638,Delivered,30,216
639,639,Delivered,70,31
640,640,Delivered,62,194
641,641,Delivered,39,175
642,642,Delivered,43,212
643,643,Delivered,28,273
644,644,Delivered,56,3
645,645,Delivered,51,117
646,646,Delivered,31,135
647,647,Delivered,43,220
648,648,Delivered,62,23
649,649,Delivered,35,111
650,650,Delivered,38,220
651,651,Delivered,72,185
652,652,Delivered,36,96
653,653,Delivered,34,149
654,654,Delivered,33,180
655,655,Delivered,55,101
656,656,Delivered,49,145
657,657,Out for Delivery,31,30
658,658,Delivered,54,103
659,659,Delivered,63,23
660,660,Cancelled,0,241
661,661,Delivered,64,161
662,662,Delivered,44,57
663,663,Delivered,53,42
664,664,Delivered,39,298
665,665,Delivered,69,299
666,666,Delivered,72,153
667,667,Delivered,66,261
668,668,Delivered,74,67
669,669,Delivered,71,70
670,670,Delivered,44,158
671,671,Delivered,69,255
672,672,Delivered,30,241
673,673,Delivered,32,83
674,674,Delivered,64,108
675,675,Delivered,58,60
676,676,Cancelled,0,24
677,677,Delivered,61,225
678,678,Delivered,71,72
679,679,Delivered,63,278
680,680,Delivered,40,69
681,681,Delivered,46,183
682,682,Delivered,61,101
683,683,Delivered,75,190
684,684,Delivered,25,118
685,685,Cancelled,0,97
686,686,Delivered,57,271
687,687,Delivered,68,67
688,688,Delivered,38,124
689,689,Delivered,55,278
690,690,Delivered,28,196
691,691,Delivered,59,106
692,692,Delivered,70,146
693,693,Delivered,20,123
694,694,Delivered,59,267
695,695,Delivered,72,243
696,696,Delivered,55,149
697,697,Delivered,35,79
698,698,Delivered,75,142
699,699,Delivered,44,71
700,700,Out for Delivery,31,168
701,701,Out for Delivery,20,240
702,702,Delivered,34,91
703,703,Delivered,30,93
704,704,Out for Delivery,26,172
705,705,Out for Delivery,23,177
706,706,Delivered,61,9
707,707,Cancelled,0,99
708,708,Delivered,56,44
709,709,Delivered,20,120
710,710,Delivered,20,204
711,711,Delivered,47,174
712,712,Delivered,74,40
713,713,Delivered,65,214
714,714,Delivered,36,271
715,715,Delivered,34,151
716,716,Delivered,23,169
717,717,Out for Delivery,17,117
718,718,Delivered,35,44
719,719,Out for Delivery,32,227
720,720,Delivered,74,299
721,721,Delivered,64,132
722,722,Delivered,25,196
723,723,Delivered,28,249
724,724,Cancelled,0,268
725,725,Delivered,24,114
726,726,Delivered,44,164
727,727,Delivered,56,232
728,728,Delivered,39,27
729,729,Delivered,46,291
730,730,Delivered,75,253
731,731,Delivered,27,140
732,732,Delivered,47,11
733,733,Delivered,31,103
734,734,Delivered,45,21
735,735,Delivered,41,286
736,736,Delivered,34,98
737,737,Delivered,57,297
738,738,Delivered,30,257
739,739,Delivered,73,9
740,740,Delivered,69,4
741,741,Delivered,26,24
742,742,Delivered,28,274
743,743,Delivered,35,254
744,744,Delivered,53,90
745,745,Delivered,20,251
746,746,Delivered,20,298
747,747,Delivered,28,243
748,748,Out for Delivery,37,280
749,749,Cancelled,0,195
750,750,Delivered,45,126
751,751,Delivered,68,181
752,752,Delivered,46,60
753,753,Out for Delivery,28,280
754,754,Cancelled,0,188
755,755,Delivered,39,39
756,756,Delivered,48,254
757,757,Delivered,57,137
758,758,Delivered,67,260
759,759,Delivered,63,11
760,760,Out for Delivery,30,185
761,761,Delivered,68,236
762,762,Cancelled,0,272
763,763,Delivered,61,48
764,764,Delivered,25,149
765,765,Delivered,35,106
766,766,Delivered,32,177
767,767,Delivered,28,276
768,768,Delivered,53,278
769,769,Delivered,63,16
770,770,Delivered,23,215
771,771,Delivered,28,260
772,772,Delivered,22,146
773,773,Delivered,42,148
774,774,Cancelled,0,248
775,775,Cancelled,0,93
776,776,Delivered,30,179
777,777,Delivered,43,283
778,778,Delivered,56,137
779,779,Delivered,21,198
780,780,Delivered,69,42
781,781,Delivered,21,126
782,782,Delivered,30,195
783,783,Delivered,72,119
784,784,Delivered,47,238
785,785,Cancelled,0,65
786,786,Out for Delivery,14,178
787,787,Delivered,44,47
788,788,Delivered,57,123
789,789,Delivered,51,222
790,790,Delivered,22,74
791,791,Delivered,50,223
792,792,Delivered,46,11
793,793,Delivered,59,63
794,794,Delivered,64,95
795,795,Cancelled,0,165
796,796,Delivered,74,175
797,797,Delivered,33,224
798,798,Delivered,75,47
799,799,Delivered,66,38
800,800,Delivered,33,71
801,801,Delivered,54,241
802,802,Delivered,60,142
803,803,Delivered,69,148
804,804,Delivered,37,124
805,805,Delivered,63,165
806,806,Delivered,20,3
807,807,Delivered,61,181
808,808,Delivered,55,12
809,809,Out for Delivery,31,204
810,810,Delivered,43,166
811,811,Delivered,27,111
812,812,Delivered,51,85
813,813,Delivered,25,91
814,814,Delivered,42,268
815,815,Delivered,33,149
816,816,Delivered,61,251
817,817,Delivered,30,140
818,818,Out for Delivery,28,161
819,819,Delivered,24,56
820,820,Delivered,23,198
821,821,Delivered,21,13
822,822,Delivered,26,35
823,823,Delivered,50,193
824,824,Delivered,71,181
825,825,Delivered,23,268
826,826,Delivered,50,108
827,827,Delivered,20,120
828,828,Delivered,58,8
829,829,Delivered,40,210
830,830,Delivered,60,250
831,831,Delivered,28,119
832,832,Delivered,42,1
833,833,Delivered,28,49
834,834,Delivered,23,28
835,835,Out for Delivery,22,84
836,836,Cancelled,0,193
837,837,Delivered,21,132
838,838,Delivered,51,129
839,839,Delivered,34,41
840,840,Delivered,68,128
841,841,Delivered,48,248
842,842,Out for Delivery,18,275
843,843,Delivered,23,270
844,844,Delivered,53,127
845,845,Out for Delivery,38,244
846,846,Delivered,44,214
847,847,Delivered,41,10
848,848,Delivered,72,279
849,849,Delivered,67,287
850,850,Cancelled,0,103
851,851,Delivered,57,176
852,852,Delivered,22,127
853,853,Delivered,21,34
854,854,Delivered,69,146
855,855,Delivered,35,212
856,856,Delivered,67,177
857,857,Delivered,49,84
858,858,Delivered,66,288
859,859,Out for Delivery,38,189
860,860,Delivered,54,159
861,861,Delivered,29,157
862,862,Cancelled,0,204
863,863,Delivered,36,242
864,864,Cancelled,0,225
865,865,Out for Delivery,31,276
866,866,Delivered,40,150
867,867,Delivered,71,141
868,868,Delivered,59,11
869,869,Delivered,65,45
870,870,Delivered,48,212
871,871,Delivered,53,259
872,872,Delivered,45,125
873,873,Delivered,55,107
874,874,Cancelled,0,118
875,875,Delivered,62,67
876,876,Delivered,29,124
877,877,Delivered,75,145
878,878,Delivered,74,59
879,879,Delivered,62,70
880,880,Delivered,23,118
881,881,Delivered,68,38
882,882,Delivered,26,298
883,883,Delivered,67,171
884,884,Delivered,70,281
885,885,Delivered,66,203
886,886,Delivered,23,165
887,887,Delivered,50,77
888,888,Delivered,55,258
889,889,Delivered,69,99
890,890,Cancelled,0,29
891,891,Delivered,38,199
892,892,Cancelled,0,265
893,893,Delivered,27,23
894,894,Delivered,60,129
895,895,Delivered,59,278
896,896,Out for Delivery,40,247
897,897,Delivered,66,93
898,898,Delivered,32,14
899,899,Delivered,36,64
900,900,Delivered,21,71
901,901,Delivered,22,178
902,902,Delivered,69,238
903,903,Delivered,71,137
904,904,Cancelled,0,197
905,905,Delivered,30,5
906,906,Delivered,29,12
907,907,Delivered,66,251
908,908,Delivered,36,243
909,909,Delivered,24,119
910,910,Delivered,49,286
911,911,Delivered,67,135
912,912,Delivered,27,148
913,913,Delivered,26,142
914,914,Cancelled,0,117
915,915,Delivered,70,33
916,916,Delivered,34,256
917,917,Delivered,67,63
918,918,Delivered,39,276
919,919,Delivered,35,291
920,920,Delivered,41,195
921,921,Delivered,64,142
922,922,Delivered,58,179
923,923,Delivered,35,189
924,924,Delivered,44,119
925,925,Delivered,71,253
926,926,Delivered,38,270
927,927,Delivered,30,78
928,928,Delivered,50,270
929,929,Delivered,24,78
930,930,Delivered,41,39
931,931,Delivered,33,106
932,932,Cancelled,0,215
933,933,Delivered,42,157
934,934,Delivered,62,99
935,935,Delivered,66,27
936,936,Delivered,70,188
937,937,Delivered,44,17
938,938,Out for Delivery,35,164
939,939,Delivered,30,108
940,940,Delivered,70,269
941,941,Delivered,69,79
942,942,Delivered,73,215
943,943,Delivered,53,50
944,944,Delivered,25,287
945,945,Cancelled,0,27
946,946,Delivered,41,207
947,947,Delivered,67,184
948,948,Delivered,21,181
949,949,Delivered,69,238
950,950,Delivered,70,49
951,951,Cancelled,0,121
952,952,Out for Delivery,31,173
953,953,Delivered,42,167
954,954,Delivered,59,25
955,955,Delivered,30,221
956,956,Delivered,70,268
957,957,Cancelled,0,155
958,958,Delivered,66,87
959,959,Delivered,71,31
960,960,Delivered,24,299
961,961,Delivered,73,298
962,962,Delivered,38,137
963,963,Delivered,34,103
964,964,Delivered,60,14
965,965,Delivered,29,216
966,966,Delivered,20,263
967,967,Delivered,26,41
968,968,Delivered,65,242
969,969,Delivered,49,61
970,970,Delivered,68,25
971,971,Delivered,45,253
972,972,Cancelled,0,92
973,973,Delivered,35,127
974,974,Delivered,47,72
975,975,Delivered,65,260
976,976,Delivered,75,184
977,977,Cancelled,0,281
978,978,Delivered,22,239
979,979,Delivered,27,188
980,980,Delivered,42,7
981,981,Delivered,61,76
982,982,Delivered,47,160
983,983,Delivered,64,250
984,984,Delivered,43,287
985,985,Delivered,49,72
986,986,Out for Delivery,13,94
987,987,Out for Delivery,38,160
988,988,Delivered,73,269
989,989,Delivered,39,4
990,990,Delivered,20,98
991,991,Delivered,29,219
992,992,Delivered,54,119
993,993,Delivered,35,114
994,994,Delivered,49,269
995,995,Delivered,40,127
996,996,Delivered,66,84
997,997,Delivered,45,206
998,998,Delivered,23,119
999,999,Delivered,70,239
1000,1000,Delivered,25,53
1001,1001,Delivered,34,78
1002,1002,Delivered,66,1
1003,1003,Delivered,61,251
1004,1004,Delivered,23,256
1005,1005,Delivered,60,83
1006,1006,Delivered,60,6
1007,1007,Delivered,70,58
1008,1008,Delivered,31,59
1009,1009,Delivered,39,171
1010,1010,Out for Delivery,38,63
1011,1011,Delivered,74,262
1012,1012,Cancelled,0,134
1013,1013,Delivered,34,4
1014,1014,Delivered,26,60
1015,1015,Out for Delivery,19,168
1016,1016,Delivered,24,12
1017,1017,Delivered,72,52
1018,1018,Out for Delivery,12,202
1019,1019,Delivered,64,161
1020,1020,Delivered,65,39
1021,1021,Out for Delivery,38,151
1022,1022,Delivered,44,105
1023,1023,Cancelled,0,166
1024,1024,Delivered,23,14
1025,1025,Delivered,44,158
1026,1026,Delivered,71,47
1027,1027,Delivered,20,183
1028,1028,Delivered,37,285
1029,1029,Delivered,72,269
1030,1030,Delivered,71,71
1031,1031,Delivered,24,181
1032,1032,Delivered,37,162
1033,1033,Delivered,64,295
1034,1034,Delivered,60,36
1035,1035,Delivered,46,130
1036,1036,Cancelled,0,160
1037,1037,Delivered,71,170
1038,1038,Delivered,38,10
1039,1039,Out for Delivery,32,178
1040,1040,Delivered,42,23
1041,1041,Out for Delivery,13,165
1042,1042,Cancelled,0,277
1043,1043,Delivered,54,283
1044,1044,Delivered,29,271
1045,1045,Delivered,28,18
1046,1046,Delivered,48,162
1047,1047,Delivered,40,66
1048,1048,Delivered,68,280
1049,1049,Delivered,56,132
1050,1050,Delivered,36,82
1051,1051,Cancelled,0,76
1052,1052,Delivered,34,242
1053,1053,Out for Delivery,15,87
1054,1054,Delivered,24,128
1055,1055,Delivered,56,266
1056,1056,Cancelled,0,300
1057,1057,Delivered,42,215
1058,1058,Delivered,53,198
1059,1059,Delivered,39,36
1060,1060,Delivered,75,198
1061,1061,Delivered,27,140
1062,1062,Delivered,37,14
1063,1063,Delivered,21,210
1064,1064,Delivered,67,37
1065,1065,Delivered,48,19
1066,1066,Delivered,55,24
1067,1067,Delivered,54,142
1068,1068,Delivered,45,17
1069,1069,Delivered,48,11
1070,1070,Delivered,28,242
1071,1071,Delivered,66,77
1072,1072,Delivered,35,277
1073,1073,Delivered,68,84
1074,1074,Delivered,49,68
1075,1075,Delivered,49,165
1076,1076,Out for Delivery,25,223
1077,1077,Delivered,71,276
1078,1078,Delivered,64,244
1079,1079,Delivered,64,103
1080,1080,Delivered,68,171
1081,1081,Delivered,44,48
1082,1082,Delivered,54,50
1083,1083,Delivered,53,138
1084,1084,Delivered,66,145
1085,1085,Delivered,74,269
1086,1086,Delivered,49,127
1087,1087,Delivered,49,5
1088,1088,Delivered,58,132
1089,1089,Delivered,22,210
1090,1090,Delivered,33,155
1091,1091,Delivered,75,30
1092,1092,Delivered,56,98
1093,1093,Delivered,45,185
1094,1094,Delivered,20,208
1095,1095,Delivered,42,218
1096,1096,Delivered,32,174
1097,1097,Delivered,43,117
1098,1098,Delivered,46,218
1099,1099,Delivered,66,214
1100,1100,Delivered,42,6
1101,1101,Delivered,29,131
1102,1102,Delivered,66,124
1103,1103,Delivered,20,6
1104,1104,Delivered,54,58
1105,1105,Out for Delivery,36,284
1106,1106,Delivered,74,10
1107,1107,Delivered,27,187
1108,1108,Delivered,72,184
1109,1109,Delivered,52,143
1110,1110,Delivered,30,180
1111,1111,Delivered,40,264
1112,1112,Delivered,65,77
1113,1113,Delivered,45,8
1114,1114,Delivered,67,203
1115,1115,Delivered,53,185
1116,1116,Delivered,40,267
1117,1117,Delivered,72,169
1118,1118,Delivered,63,262
1119,1119,Cancelled,0,19
1120,1120,Delivered,31,175
1121,1121,Delivered,21,212
1122,1122,Delivered,28,187
1123,1123,Delivered,69,263
1124,1124,Delivered,26,40
1125,1125,Delivered,39,152
1126,1126,Delivered,61,201
1127,1127,Delivered,24,173
1128,1128,Delivered,74,65
1129,1129,Delivered,64,147
1130,1130,Cancelled,0,274
1131,1131,Delivered,47,62
1132,1132,Delivered,45,231
1133,1133,Delivered,29,115
1134,1134,Delivered,33,64
1135,1135,Delivered,35,215
1136,1136,Delivered,45,188
1137,1137,Delivered,22,15
1138,1138,Delivered,70,84
1139,1139,Delivered,23,14
1140,1140,Delivered,68,47
1141,1141,Delivered,65,148
1142,1142,Delivered,22,111
1143,1143,Delivered,31,107
1144,1144,Delivered,22,264
1145,1145,Delivered,55,213
1146,1146,Delivered,66,45
1147,1147,Delivered,22,111
1148,1148,Delivered,33,14
1149,1149,Out for Delivery,20,245
1150,1150,Delivered,62,116
1151,1151,Delivered,57,82
1152,1152,Delivered,60,167
1153,1153,Delivered,27,233
1154,1154,Delivered,56,297
1155,1155,Delivered,38,76
1156,1156,Delivered,33,114
1157,1157,Delivered,49,170
1158,1158,Delivered,74,283
1159,1159,Delivered,33,22
1160,1160,Delivered,60,91
1161,1161,Cancelled,0,38
1162,1162,Delivered,40,296
1163,1163,Delivered,38,88
1164,1164,Delivered,52,85
1165,1165,Delivered,33,78
1166,1166,Delivered,39,125
1167,1167,Delivered,40,177
1168,1168,Delivered,26,247
1169,1169,Cancelled,0,161
1170,1170,Delivered,64,160
1171,1171,Delivered,50,167
1172,1172,Delivered,72,51
1173,1173,Delivered,54,100
1174,1174,Delivered,56,280
1175,1175,Out for Delivery,23,113
1176,1176,Delivered,28,53
1177,1177,Cancelled,0,98
1178,1178,Delivered,21,155
1179,1179,Delivered,74,81
1180,1180,Delivered,50,77
1181,1181,Cancelled,0,86
1182,1182,Delivered,55,292
1183,1183,Delivered,61,189
1184,1184,Delivered,33,99
1185,1185,Out for Delivery,34,247
1186,1186,Delivered,23,292
1187,1187,Delivered,67,220
1188,1188,Delivered,51,201
1189,1189,Delivered,31,22
1190,1190,Delivered,65,180
1191,1191,Delivered,50,205
1192,1192,Delivered,57,203
1193,1193,Cancelled,0,93
1194,1194,Delivered,27,258
1195,1195,Delivered,49,250
1196,1196,Delivered,25,155
1197,1197,Delivered,74,62
1198,1198,Delivered,22,121
1199,1199,Delivered,29,5
1200,1200,Delivered,38,136
1201,1201,Delivered,58,99
1202,1202,Delivered,44,251
1203,1203,Delivered,68,177
1204,1204,Delivered,21,59
1205,1205,Out for Delivery,32,168
1206,1206,Cancelled,0,247
1207,1207,Delivered,70,298
1208,1208,Out for Delivery,29,15
1209,1209,Out for Delivery,21,172
1210,1210,Delivered,22,85
1211,1211,Delivered,75,68
1212,1212,Delivered,28,143
1213,1213,Delivered,74,77
1214,1214,Delivered,69,212
1215,1215,Delivered,33,81
1216,1216,Delivered,51,148
1217,1217,Delivered,33,69
1218,1218,Delivered,44,119
1219,1219,Delivered,71,89
1220,1220,Delivered,44,130
1221,1221,Delivered,60,14
1222,1222,Delivered,23,112
1223,1223,Delivered,36,247
1224,1224,Delivered,20,221
1225,1225,Delivered,66,246
1226,1226,Delivered,57,159
1227,1227,Delivered,52,126
1228,1228,Delivered,46,51
1229,1229,Delivered,43,204
1230,1230,Delivered,38,283
1231,1231,Delivered,39,9
1232,1232,Delivered,62,35
1233,1233,Delivered,47,114
1234,1234,Delivered,32,51
1235,1235,Delivered,64,281
1236,1236,Cancelled,0,201
1237,1237,Delivered,47,20
1238,1238,Cancelled,0,59
1239,1239,Delivered,30,273
1240,1240,Delivered,70,63
1241,1241,Out for Delivery,32,146
1242,1242,Delivered,24,294
1243,1243,Delivered,34,39
1244,1244,Delivered,47,231
1245,1245,Delivered,55,44
1246,1246,Delivered,51,208
1247,1247,Delivered,24,140
1248,1248,Delivered,37,268
1249,1249,Delivered,34,21
1250,1250,Delivered,50,300
1251,1251,Delivered,56,269
1252,1252,Delivered,36,11
1253,1253,Cancelled,0,80
1254,1254,Delivered,72,22
1255,1255,Delivered,71,207
1256,1256,Delivered,59,1
1257,1257,Delivered,69,232
1258,1258,Delivered,53,70
1259,1259,Delivered,34,189
1260,1260,Delivered,27,136
1261,1261,Delivered,39,41
1262,1262,Delivered,74,231
1263,1263,Delivered,45,199
1264,1264,Delivered,51,53
1265,1265,Delivered,29,163
1266,1266,Cancelled,0,10
1267,1267,Delivered,53,236
1268,1268,Cancelled,0,182
1269,1269,Cancelled,0,218
1270,1270,Delivered,38,293
1271,1271,Delivered,26,139
1272,1272,Delivered,69,125
1273,1273,Delivered,62,152
1274,1274,Delivered,61,191
1275,1275,Delivered,21,292
1276,1276,Delivered,51,52
1277,1277,Out for Delivery,37,49
1278,1278,Delivered,36,290
1279,1279,Delivered,49,175
1280,1280,Delivered,54,32
1281,1281,Delivered,31,108
1282,1282,Delivered,39,122
1283,1283,Cancelled,0,73
1284,1284,Delivered,73,157
1285,1285,Delivered,73,33
1286,1286,Delivered,62,214
1287,1287,Delivered,71,296
1288,1288,Delivered,22,215
1289,1289,Delivered,33,234
1290,1290,Delivered,65,75
1291,1291,Delivered,57,180
1292,1292,Delivered,70,229
1293,1293,Out for Delivery,26,12
1294,1294,Delivered,20,216
1295,1295,Delivered,57,282
1296,1296,Delivered,25,143
1297,1297,Delivered,54,65
1298,1298,Delivered,45,82
1299,1299,Delivered,24,147
1300,1300,Delivered,49,95
1301,1301,Delivered,21,271
1302,1302,Delivered,74,195
1303,1303,Delivered,22,91
1304,1304,Out for Delivery,34,209
1305,1305,Delivered,67,278
1306,1306,Delivered,27,280
1307,1307,Delivered,53,107
1308,1308,Delivered,73,207
1309,1309,Delivered,37,167
1310,1310,Delivered,56,181
1311,1311,Delivered,61,176
1312,1312,Delivered,46,198
1313,1313,Delivered,58,266
1314,1314,Delivered,24,188
1315,1315,Delivered,50,137
1316,1316,Delivered,56,60
1317,1317,Delivered,74,155
1318,1318,Delivered,70,65
1319,1319,Delivered,28,76
1320,1320,Delivered,30,267
1321,1321,Delivered,63,259
1322,1322,Delivered,45,36
1323,1323,Delivered,60,260
1324,1324,Delivered,45,145
1325,1325,Delivered,53,251
1326,1326,Out for Delivery,39,45
1327,1327,Delivered,66,65
1328,1328,Cancelled,0,56
1329,1329,Delivered,71,13
1330,1330,Delivered,47,1
1331,1331,Delivered,25,55
1332,1332,Delivered,68,261
1333,1333,Delivered,26,207
1334,1334,Delivered,59,63
1335,1335,Delivered,68,228
1336,1336,Delivered,40,251
1337,1337,Delivered,35,297
1338,1338,Delivered,44,9
1339,1339,Delivered,58,162
1340,1340,Delivered,51,124
1341,1341,Delivered,56,295
1342,1342,Delivered,24,75
1343,1343,Delivered,28,72
1344,1344,Delivered,29,253
1345,1345,Delivered,50,211
1346,1346,Cancelled,0,284
1347,1347,Delivered,70,170
1348,1348,Delivered,64,89
1349,1349,Delivered,68,195
1350,1350,Delivered,50,17
1351,1351,Delivered,61,38
1352,1352,Delivered,57,222
1353,1353,Out for Delivery,16,282
1354,1354,Delivered,23,11
1355,1355,Delivered,36,211
1356,1356,Delivered,52,115
1357,1357,Delivered,28,15
1358,1358,Delivered,33,111
1359,1359,Delivered,34,297
1360,1360,Delivered,70,32
1361,1361,Delivered,71,262
1362,1362,Delivered,23,191
1363,1363,Delivered,36,150
1364,1364,Delivered,47,160
1365,1365,Delivered,24,14
1366,1366,Delivered,44,27
1367,1367,Delivered,22,114
1368,1368,Delivered,27,97
1369,1369,Delivered,20,132
1370,1370,Delivered,40,108
1371,1371,Delivered,50,37
1372,1372,Delivered,57,48
1373,1373,Cancelled,0,122
1374,1374,Delivered,55,73
1375,1375,Delivered,27,180
1376,1376,Delivered,70,293
1377,1377,Delivered,66,76
1378,1378,Delivered,37,257
1379,1379,Cancelled,0,116
1380,1380,Delivered,55,285
1381,1381,Delivered,29,237
1382,1382,Delivered,56,15
1383,1383,Delivered,30,128
1384,1384,Delivered,52,218
1385,1385,Delivered,55,99
1386,1386,Delivered,62,32
1387,1387,Delivered,26,176
1388,1388,Delivered,57,114
1389,1389,Delivered,53,236
1390,1390,Delivered,41,217
1391,1391,Delivered,57,126
1392,1392,Delivered,46,282
1393,1393,Delivered,55,50
1394,1394,Delivered,48,172
1395,1395,Delivered,44,204
1396,1396,Delivered,43,272
1397,1397,Delivered,47,49
1398,1398,Delivered,46,205
1399,1399,Cancelled,0,270
1400,1400,Delivered,32,289
1401,1401,Out for Delivery,30,268
1402,1402,Cancelled,0,153
1403,1403,Delivered,36,263
1404,1404,Delivered,43,297
1405,1405,Delivered,55,145
1406,1406,Delivered,33,260
1407,1407,Delivered,25,180
1408,1408,Delivered,24,41
1409,1409,Out for Delivery,32,115
1410,1410,Delivered,32,290
1411,1411,Delivered,45,295
1412,1412,Delivered,60,281
1413,1413,Delivered,22,30
1414,1414,Delivered,20,233
1415,1415,Delivered,38,129
1416,1416,Delivered,75,109
1417,1417,Delivered,53,282
1418,1418,Delivered,46,278
1419,1419,Cancelled,0,159
1420,1420,Out for Delivery,25,149
1421,1421,Delivered,39,294
1422,1422,Delivered,74,130
1423,1423,Delivered,24,274
1424,1424,Delivered,50,73
1425,1425,Delivered,29,143
1426,1426,Delivered,39,150
1427,1427,Delivered,36,37
1428,1428,Delivered,43,278
1429,1429,Delivered,31,177
1430,1430,Delivered,28,43
1431,1431,Delivered,41,264
1432,1432,Delivered,38,44
1433,1433,Delivered,20,295
1434,1434,Delivered,58,282
1435,1435,Delivered,38,87
1436,1436,Delivered,24,109
1437,1437,Cancelled,0,24
1438,1438,Cancelled,0,202
1439,1439,Delivered,21,293
1440,1440,Delivered,47,93
1441,1441,Delivered,39,238
1442,1442,Delivered,41,61
1443,1443,Delivered,68,125
1444,1444,Delivered,55,172
1445,1445,Delivered,29,133
1446,1446,Delivered,36,35
1447,1447,Delivered,46,79
1448,1448,Delivered,49,130
1449,1449,Delivered,63,194
1450,1450,Cancelled,0,55
1451,1451,Delivered,71,232
1452,1452,Delivered,35,70
1453,1453,Delivered,69,222
1454,1454,Delivered,59,101
1455,1455,Delivered,70,181
1456,1456,Delivered,50,108
1457,1457,Delivered,25,292
1458,1458,Cancelled,0,6
1459,1459,Delivered,27,92
1460,1460,Delivered,28,257
1461,1461,Delivered,44,136
1462,1462,Delivered,71,65
1463,1463,Delivered,62,126
1464,1464,Delivered,61,163
1465,1465,Delivered,29,165
1466,1466,Delivered,32,112
1467,1467,Delivered,62,247
1468,1468,Delivered,56,13
1469,1469,Delivered,66,57
1470,1470,Delivered,44,298
1471,1471,Delivered,52,133
1472,1472,Delivered,39,160
1473,1473,Delivered,73,131
1474,1474,Cancelled,0,295
1475,1475,Delivered,73,139
1476,1476,Cancelled,0,185
1477,1477,Cancelled,0,103
1478,1478,Delivered,51,146
1479,1479,Delivered,70,66
1480,1480,Delivered,32,33
1481,1481,Delivered,68,199
1482,1482,Delivered,52,298
1483,1483,Delivered,65,300
1484,1484,Delivered,47,68
1485,1485,Delivered,45,154
1486,1486,Delivered,24,163
1487,1487,Delivered,26,31
1488,1488,Delivered,59,130
1489,1489,Out for Delivery,40,119
1490,1490,Delivered,75,130
1491,1491,Delivered,32,142
1492,1492,Delivered,40,238
1493,1493,Delivered,59,274
1494,1494,Delivered,67,138
1495,1495,Delivered,23,148
1496,1496,Delivered,62,52
1497,1497,Out for Delivery,27,48
1498,1498,Delivered,34,109
1499,1499,Delivered,35,224
1500,1500,Delivered,21,214
1501,1501,Delivered,33,109
1502,1502,Delivered,37,127
1503,1503,Delivered,69,75
1504,1504,Delivered,67,260
1505,1505,Delivered,65,20
1506,1506,Delivered,32,16
1507,1507,Delivered,46,297
1508,1508,Delivered,40,196
1509,1509,Delivered,27,61
1510,1510,Delivered,54,77
1511,1511,Delivered,61,37
1512,1512,Delivered,37,24
1513,1513,Delivered,21,171
1514,1514,Delivered,48,61
1515,1515,Delivered,58,205
1516,1516,Delivered,39,118
1517,1517,Delivered,34,6
1518,1518,Delivered,38,44
1519,1519,Delivered,64,48
1520,1520,Delivered,58,200
1521,1521,Delivered,30,121
1522,1522,Delivered,21,143
1523,1523,Delivered,43,130
1524,1524,Delivered,41,7
1525,1525,Delivered,63,6
1526,1526,Delivered,32,58
1527,1527,Delivered,55,140
1528,1528,Out for Delivery,31,131
1529,1529,Delivered,74,157
1530,1530,Delivered,65,38
1531,1531,Delivered,32,55
1532,1532,Delivered,55,186
1533,1533,Delivered,58,94
1534,1534,Delivered,30,200
1535,1535,Delivered,20,9
1536,1536,Delivered,72,3
1537,1537,Delivered,29,40
1538,1538,Out for Delivery,37,4
1539,1539,Delivered,52,294
1540,1540,Delivered,32,300
1541,1541,Cancelled,0,177
1542,1542,Delivered,50,213
1543,1543,Delivered,35,289
1544,1544,Out for Delivery,31,168
1545,1545,Delivered,73,114
1546,1546,Cancelled,0,232
1547,1547,Delivered,60,181
1548,1548,Delivered,37,73
1549,1549,Delivered,45,175
1550,1550,Delivered,63,298
1551,1551,Cancelled,0,269
1552,1552,Delivered,26,16
1553,1553,Delivered,20,207
1554,1554,Delivered,39,61
1555,1555,Delivered,70,70
1556,1556,Delivered,46,57
1557,1557,Delivered,62,159
1558,1558,Delivered,20,70
1559,1559,Delivered,37,114
1560,1560,Delivered,44,69
1561,1561,Cancelled,0,180
1562,1562,Delivered,33,159
1563,1563,Delivered,65,69
1564,1564,Delivered,40,231
1565,1565,Out for Delivery,32,108
1566,1566,Cancelled,0,28
1567,1567,Delivered,57,234
1568,1568,Out for Delivery,36,262
1569,1569,Delivered,63,174
1570,1570,Delivered,49,31
1571,1571,Delivered,66,110
1572,1572,Delivered,25,18
1573,1573,Delivered,63,68
1574,1574,Delivered,73,115
1575,1575,Delivered,59,34
1576,1576,Delivered,54,248
1577,1577,Delivered,25,254
1578,1578,Delivered,55,289
1579,1579,Delivered,40,200
1580,1580,Delivered,51,191
1581,1581,Delivered,27,240
1582,1582,Delivered,51,216
1583,1583,Delivered,75,234
1584,1584,Delivered,70,140
1585,1585,Delivered,30,220
1586,1586,Delivered,24,197
1587,1587,Delivered,73,87
1588,1588,Delivered,21,93
1589,1589,Delivered,24,51
1590,1590,Delivered,22,70
1591,1591,Delivered,33,88
1592,1592,Out for Delivery,24,263
1593,1593,Delivered,24,135
1594,1594,Delivered,35,15
1595,1595,Delivered,57,244
1596,1596,Delivered,46,127
1597,1597,Delivered,54,85
1598,1598,Cancelled,0,235
1599,1599,Delivered,74,199
1600,1600,Delivered,57,299
1601,1601,Delivered,25,219
1602,1602,Delivered,63,162
1603,1603,Delivered,27,123
1604,1604,Delivered,52,257
1605,1605,Delivered,36,131
1606,1606,Cancelled,0,226
1607,1607,Cancelled,0,95
1608,1608,Delivered,48,214
1609,1609,Delivered,75,257
1610,1610,Delivered,20,192
1611,1611,Delivered,61,9
1612,1612,Out for Delivery,23,244
1613,1613,Delivered,43,242
1614,1614,Cancelled,0,156
1615,1615,Delivered,21,103
1616,1616,Delivered,69,35
1617,1617,Delivered,44,46
1618,1618,Delivered,29,20
1619,1619,Delivered,59,9
1620,1620,Delivered,54,290
1621,1621,Delivered,40,89
1622,1622,Cancelled,0,285
1623,1623,Delivered,61,269
1624,1624,Delivered,59,197
1625,1625,Delivered,30,82
1626,1626,Delivered,29,283
1627,1627,Delivered,51,190
1628,1628,Delivered,53,299
1629,1629,Delivered,72,226
1630,1630,Delivered,33,189
1631,1631,Delivered,71,167
1632,1632,Delivered,43,196
1633,1633,Delivered,55,277
1634,1634,Delivered,33,260
1635,1635,Delivered,39,55
1636,1636,Delivered,22,53
1637,1637,Delivered,62,86
1638,1638,Delivered,61,273
1639,1639,Delivered,32,299
1640,1640,Delivered,74,39
1641,1641,Delivered,72,29
1642,1642,Delivered,30,136
1643,1643,Delivered,28,133
1644,1644,Delivered,26,148
1645,1645,Out for Delivery,24,29
1646,1646,Delivered,40,141
1647,1647,Delivered,59,211
1648,1648,Delivered,67,123
1649,1649,Delivered,31,127
1650,1650,Delivered,26,121
1651,1651,Delivered,62,44
1652,1652,Delivered,68,118
1653,1653,Cancelled,0,117
1654,1654,Delivered,45,177
1655,1655,Delivered,67,249
1656,1656,Delivered,67,173
1657,1657,Delivered,29,201
1658,1658,Delivered,29,87
1659,1659,Delivered,59,234
1660,1660,Delivered,62,247
1661,1661,Delivered,28,288
1662,1662,Delivered,75,120
1663,1663,Delivered,42,104
1664,1664,Delivered,69,300
1665,1665,Out for Delivery,11,5
1666,1666,Delivered,69,47
1667,1667,Cancelled,0,265
1668,1668,Delivered,55,179
1669,1669,Delivered,45,206
1670,1670,Delivered,23,160
1671,1671,Delivered,50,27
1672,1672,Delivered,55,53
1673,1673,Cancelled,0,257
1674,1674,Delivered,25,205
1675,1675,Delivered,38,129
1676,1676,Out for Delivery,31,64
1677,1677,Delivered,63,207
1678,1678,Delivered,44,300
1679,1679,Cancelled,0,186
1680,1680,Delivered,29,247
1681,1681,Delivered,67,30
1682,1682,Delivered,44,106
1683,1683,Delivered,48,185
1684,1684,Cancelled,0,170
1685,1685,Cancelled,0,41
1686,1686,Delivered,55,180
1687,1687,Delivered,38,247
1688,1688,Delivered,56,200
1689,1689,Delivered,29,148
1690,1690,Out for Delivery,18,18
1691,1691,Delivered,33,70
1692,1692,Delivered,38,84
1693,1693,Delivered,73,271
1694,1694,Delivered,55,85
1695,1695,Delivered,24,160
1696,1696,Cancelled,0,249
1697,1697,Delivered,24,299
1698,1698,Delivered,69,113
1699,1699,Delivered,69,142
1700,1700,Delivered,24,223
1701,1701,Delivered,71,181
1702,1702,Delivered,60,284
1703,1703,Delivered,47,3
1704,1704,Delivered,23,55
1705,1705,Delivered,29,76
1706,1706,Delivered,26,133
1707,1707,Delivered,34,280
1708,1708,Delivered,35,55
1709,1709,Delivered,75,161
1710,1710,Delivered,49,129
1711,1711,Out for Delivery,12,249
1712,1712,Out for Delivery,25,182
1713,1713,Delivered,33,229
1714,1714,Delivered,54,256
1715,1715,Delivered,66,173
1716,1716,Delivered,61,143
1717,1717,Delivered,61,116
1718,1718,Delivered,75,26
1719,1719,Delivered,30,115
1720,1720,Delivered,37,175
1721,1721,Delivered,38,275
1722,1722,Delivered,63,73
1723,1723,Delivered,45,284
1724,1724,Delivered,59,216
1725,1725,Delivered,35,88
1726,1726,Out for Delivery,37,61
1727,1727,Delivered,56,6
1728,1728,Delivered,36,107
1729,1729,Delivered,63,20
1730,1730,Delivered,46,292
1731,1731,Out for Delivery,30,175
1732,1732,Delivered,23,296
1733,1733,Delivered,29,30
1734,1734,Delivered,43,79
1735,1735,Delivered,22,171
1736,1736,Out for Delivery,15,275
1737,1737,Delivered,61,278
1738,1738,Delivered,63,131
1739,1739,Delivered,42,176
1740,1740,Cancelled,0,85
1741,1741,Out for Delivery,10,190
1742,1742,Delivered,40,17
1743,1743,Delivered,27,292
1744,1744,Delivered,29,124
1745,1745,Delivered,56,298
1746,1746,Delivered,35,3
1747,1747,Delivered,26,76
1748,1748,Delivered,63,249
1749,1749,Delivered,66,150
1750,1750,Delivered,31,58
1751,1751,Delivered,73,291
1752,1752,Delivered,48,203
1753,1753,Delivered,62,33
1754,1754,Delivered,74,148
1755,1755,Delivered,24,56
1756,1756,Out for Delivery,15,12
1757,1757,Delivered,63,165
1758,1758,Delivered,50,158
1759,1759,Delivered,58,36
1760,1760,Delivered,44,244
1761,1761,Delivered,47,219
1762,1762,Delivered,75,176
1763,1763,Out for Delivery,27,82
1764,1764,Delivered,29,227
1765,1765,Delivered,22,46
1766,1766,Delivered,30,269
1767,1767,Delivered,75,64
1768,1768,Delivered,68,179
1769,1769,Delivered,50,196
1770,1770,Delivered,43,24
1771,1771,Delivered,35,251
1772,1772,Delivered,27,133
1773,1773,Delivered,27,62
1774,1774,Delivered,57,134
1775,1775,Delivered,54,25
1776,1776,Cancelled,0,296
1777,1777,Delivered,24,88
1778,1778,Delivered,22,59
1779,1779,Delivered,53,114
1780,1780,Delivered,51,66
1781,1781,Delivered,55,139
1782,1782,Delivered,32,121
1783,1783,Delivered,58,230
1784,1784,Delivered,33,114
1785,1785,Delivered,40,68
1786,1786,Delivered,54,93
1787,1787,Delivered,74,112
1788,1788,Cancelled,0,77
1789,1789,Delivered,54,19
1790,1790,Delivered,41,66
1791,1791,Delivered,33,264
1792,1792,Delivered,41,77
1793,1793,Delivered,34,244
1794,1794,Delivered,44,182
1795,1795,Delivered,44,163
1796,1796,Delivered,20,2
1797,1797,Delivered,35,109
1798,1798,Delivered,64,287
1799,1799,Delivered,73,281
1800,1800,Delivered,60,45
1801,1801,Delivered,63,224
1802,1802,Delivered,55,193
1803,1803,Delivered,59,204
1804,1804,Delivered,63,59
1805,1805,Delivered,64,241
1806,1806,Delivered,29,287
1807,1807,Delivered,72,170
1808,1808,Delivered,52,265
1809,1809,Out for Delivery,39,258
1810,1810,Delivered,41,225
1811,1811,Cancelled,0,191
1812,1812,Delivered,40,286
1813,1813,Delivered,44,253
1814,1814,Delivered,65,44
1815,1815,Delivered,24,165
1816,1816,Delivered,47,22
1817,1817,Delivered,60,297
1818,1818,Delivered,39,33
1819,1819,Delivered,37,67
1820,1820,Delivered,29,191
1821,1821,Delivered,32,225
1822,1822,Out for Delivery,39,105
1823,1823,Delivered,30,292
1824,1824,Delivered,32,73
1825,1825,Out for Delivery,31,54
1826,1826,Delivered,74,48
1827,1827,Delivered,36,179
1828,1828,Out for Delivery,39,29
1829,1829,Delivered,24,116
1830,1830,Cancelled,0,170
1831,1831,Delivered,30,72
1832,1832,Delivered,31,237
1833,1833,Delivered,45,43
1834,1834,Cancelled,0,195
1835,1835,Delivered,65,46
1836,1836,Delivered,30,279
1837,1837,Cancelled,0,99
1838,1838,Delivered,68,31
1839,1839,Delivered,34,16
1840,1840,Delivered,69,210
1841,1841,Delivered,46,37
1842,1842,Delivered,38,183
1843,1843,Delivered,25,61
1844,1844,Delivered,27,70
1845,1845,Delivered,43,150
1846,1846,Delivered,51,138
1847,1847,Delivered,55,261
1848,1848,Delivered,52,216
1849,1849,Delivered,53,224
1850,1850,Delivered,69,121
1851,1851,Cancelled,0,38
1852,1852,Delivered,44,65
1853,1853,Delivered,39,185
1854,1854,Delivered,47,259
1855,1855,Delivered,73,273
1856,1856,Delivered,69,233
1857,1857,Delivered,53,56
1858,1858,Delivered,36,279
1859,1859,Delivered,58,48
1860,1860,Delivered,22,25
1861,1861,Delivered,51,120
1862,1862,Delivered,63,142
1863,1863,Delivered,54,191
1864,1864,Delivered,55,62
1865,1865,Delivered,52,28
1866,1866,Delivered,70,260
1867,1867,Delivered,69,163
1868,1868,Delivered,22,9
1869,1869,Delivered,66,23
1870,1870,Delivered,37,191
1871,1871,Delivered,31,221
1872,1872,Delivered,73,150
1873,1873,Delivered,44,224
1874,1874,Delivered,69,248
1875,1875,Delivered,68,41
1876,1876,Delivered,39,217
1877,1877,Delivered,59,234
1878,1878,Delivered,64,264
1879,1879,Delivered,66,266
1880,1880,Delivered,21,246
1881,1881,Delivered,37,281
1882,1882,Out for Delivery,10,70
1883,1883,Delivered,71,9
1884,1884,Delivered,44,32
1885,1885,Out for Delivery,11,296
1886,1886,Delivered,36,164
1887,1887,Delivered,66,13
1888,1888,Delivered,30,32
1889,1889,Delivered,49,100
1890,1890,Cancelled,0,16
1891,1891,Delivered,32,299
1892,1892,Delivered,74,172
1893,1893,Delivered,51,250
1894,1894,Delivered,22,105
1895,1895,Delivered,39,151
1896,1896,Cancelled,0,76
1897,1897,Delivered,63,9
1898,1898,Delivered,27,45
1899,1899,Delivered,61,25
1900,1900,Delivered,61,60
1901,1901,Cancelled,0,159
1902,1902,Delivered,68,259
1903,1903,Delivered,62,82
1904,1904,Delivered,43,149
1905,1905,Delivered,41,247
1906,1906,Delivered,58,155
1907,1907,Delivered,35,284
1908,1908,Delivered,71,93
1909,1909,Delivered,46,257
1910,1910,Out for Delivery,22,228
1911,1911,Delivered,53,291
1912,1912,Delivered,30,129
1913,1913,Delivered,43,209
1914,1914,Delivered,50,134
1915,1915,Delivered,69,257
1916,1916,Delivered,26,47
1917,1917,Delivered,44,254
1918,1918,Delivered,27,152
1919,1919,Delivered,49,51
1920,1920,Delivered,30,208
1921,1921,Delivered,31,273
1922,1922,Delivered,33,181
1923,1923,Delivered,27,123
1924,1924,Delivered,35,90
1925,1925,Delivered,27,16
1926,1926,Delivered,45,155
1927,1927,Delivered,50,34
1928,1928,Delivered,34,192
1929,1929,Delivered,61,3
1930,1930,Delivered,56,218
1931,1931,Out for Delivery,25,48
1932,1932,Delivered,33,101
1933,1933,Delivered,41,154
1934,1934,Cancelled,0,71
1935,1935,Delivered,31,126
1936,1936,Cancelled,0,139
1937,1937,Cancelled,0,271
1938,1938,Delivered,47,67
1939,1939,Delivered,24,37
1940,1940,Delivered,73,32
1941,1941,Delivered,26,104
1942,1942,Delivered,46,238
1943,1943,Delivered,46,19
1944,1944,Delivered,56,36
1945,1945,Delivered,31,198
1946,1946,Delivered,68,81
1947,1947,Delivered,51,273
1948,1948,Delivered,74,120
1949,1949,Delivered,42,262
1950,1950,Delivered,20,26
1951,1951,Delivered,71,219
1952,1952,Delivered,27,260
1953,1953,Delivered,64,206
1954,1954,Delivered,29,215
1955,1955,Delivered,72,249
1956,1956,Delivered,50,243
1957,1957,Delivered,60,21
1958,1958,Delivered,47,212
1959,1959,Delivered,27,248
1960,1960,Cancelled,0,147
1961,1961,Delivered,69,149
1962,1962,Delivered,56,273
1963,1963,Delivered,48,195
1964,1964,Delivered,68,88
1965,1965,Delivered,22,169
1966,1966,Delivered,60,288
1967,1967,Delivered,67,250
1968,1968,Delivered,20,53
1969,1969,Delivered,64,216
1970,1970,Delivered,32,157
1971,1971,Delivered,46,298
1972,1972,Delivered,31,34
1973,1973,Delivered,40,184
1974,1974,Delivered,60,138
1975,1975,Cancelled,0,234
1976,1976,Delivered,62,105
1977,1977,Delivered,23,187
1978,1978,Delivered,34,163
1979,1979,Delivered,51,90
1980,1980,Delivered,55,53
1981,1981,Delivered,22,12
1982,1982,Delivered,62,275
1983,1983,Delivered,65,153
1984,1984,Delivered,25,270
1985,1985,Delivered,46,59
1986,1986,Delivered,40,64
1987,1987,Delivered,56,169
1988,1988,Delivered,71,184
1989,1989,Delivered,24,109
1990,1990,Delivered,34,247
1991,1991,Delivered,51,249
1992,1992,Cancelled,0,268
1993,1993,Delivered,56,225
1994,1994,Delivered,51,59
1995,1995,Delivered,55,231
1996,1996,Delivered,55,262
1997,1997,Delivered,25,83
1998,1998,Delivered,44,233
1999,1999,Delivered,35,135
2000,2000,Delivered,29,249
2001,2001,Delivered,75,84
2002,2002,Delivered,68,41
2003,2003,Delivered,72,202
2004,2004,Delivered,24,214
2005,2005,Delivered,69,161
2006,2006,Out for Delivery,11,263
2007,2007,Delivered,32,280
2008,2008,Delivered,25,221
2009,2009,Delivered,66,193
2010,2010,Out for Delivery,12,87
2011,2011,Delivered,27,140
2012,2012,Out for Delivery,32,142
2013,2013,Delivered,24,169
2014,2014,Delivered,44,88
2015,2015,Delivered,70,82
2016,2016,Delivered,52,77
2017,2017,Delivered,21,211
2018,2018,Delivered,51,141
2019,2019,Delivered,56,198
2020,2020,Cancelled,0,227
2021,2021,Cancelled,0,16
2022,2022,Cancelled,0,142
2023,2023,Delivered,48,192
2024,2024,Delivered,32,55
2025,2025,Delivered,71,169
2026,2026,Delivered,65,152
2027,2027,Delivered,30,85
2028,2028,Delivered,36,131
2029,2029,Delivered,71,14
2030,2030,Delivered,27,223
2031,2031,Delivered,74,225
2032,2032,Delivered,58,35
2033,2033,Delivered,44,235
2034,2034,Delivered,68,156
2035,2035,Delivered,29,38
2036,2036,Delivered,37,20
2037,2037,Delivered,25,284
2038,2038,Delivered,49,176
2039,2039,Delivered,23,108
2040,2040,Delivered,57,39
2041,2041,Delivered,60,183
2042,2042,Delivered,43,253
2043,2043,Cancelled,0,96
2044,2044,Delivered,60,279
2045,2045,Delivered,63,120
2046,2046,Delivered,20,17
2047,2047,Delivered,23,239
2048,2048,Delivered,64,190
2049,2049,Delivered,24,136
2050,2050,Delivered,41,61
2051,2051,Cancelled,0,55
2052,2052,Delivered,41,124
2053,2053,Delivered,55,174
2054,2054,Out for Delivery,35,93
2055,2055,Delivered,21,86
2056,2056,Delivered,65,95
2057,2057,Delivered,23,137
2058,2058,Delivered,37,226
2059,2059,Delivered,65,275
2060,2060,Delivered,35,228
2061,2061,Delivered,68,123
2062,2062,Delivered,64,298
2063,2063,Delivered,39,62
2064,2064,Delivered,71,161
2065,2065,Delivered,46,163
2066,2066,Delivered,62,99
2067,2067,Delivered,60,185
2068,2068,Delivered,60,45
2069,2069,Delivered,63,243
2070,2070,Delivered,63,282
2071,2071,Delivered,41,158
2072,2072,Delivered,27,17
2073,2073,Delivered,49,97
2074,2074,Delivered,57,109
2075,2075,Out for Delivery,16,45
2076,2076,Delivered,33,39
2077,2077,Delivered,42,18
2078,2078,Delivered,47,268
2079,2079,Delivered,35,149
2080,2080,Delivered,44,240
2081,2081,Cancelled,0,131
2082,2082,Delivered,20,128
2083,2083,Delivered,72,219
2084,2084,Delivered,70,51
2085,2085,Delivered,68,231
2086,2086,Delivered,59,138
2087,2087,Delivered,25,16
2088,2088,Delivered,59,194
2089,2089,Delivered,40,51
2090,2090,Delivered,35,154
2091,2091,Delivered,48,104
2092,2092,Delivered,50,1
2093,2093,Delivered,75,223
2094,2094,Out for Delivery,36,78
2095,2095,Delivered,60,26
2096,2096,Delivered,27,275
2097,2097,Delivered,29,219
2098,2098,Cancelled,0,226
2099,2099,Delivered,54,273
2100,2100,Delivered,24,137
2101,2101,Delivered,23,269
2102,2102,Delivered,38,274
2103,2103,Delivered,70,101
2104,2104,Delivered,73,127
2105,2105,Delivered,45,210
2106,2106,Delivered,54,279
2107,2107,Cancelled,0,148
2108,2108,Delivered,65,58
2109,2109,Delivered,54,90
2110,2110,Delivered,58,55
2111,2111,Delivered,36,174
2112,2112,Delivered,75,227
2113,2113,Out for Delivery,19,45
2114,2114,Cancelled,0,70
2115,2115,Delivered,64,291
2116,2116,Delivered,72,9
2117,2117,Delivered,39,8
2118,2118,Delivered,36,236
2119,2119,Delivered,60,119
2120,2120,Delivered,47,60
2121,2121,Delivered,38,187
2122,2122,Delivered,51,13
2123,2123,Delivered,51,61
2124,2124,Delivered,46,116
2125,2125,Delivered,56,288
2126,2126,Delivered,65,247
2127,2127,Delivered,25,67
2128,2128,Delivered,65,11
2129,2129,Delivered,74,103
2130,2130,Delivered,34,117
2131,2131,Delivered,54,275
2132,2132,Delivered,21,43
2133,2133,Delivered,25,163
2134,2134,Delivered,62,22
2135,2135,Delivered,75,124
2136,2136,Delivered,68,62
2137,2137,Delivered,56,298
2138,2138,Delivered,35,75
2139,2139,Cancelled,0,249
2140,2140,Delivered,61,157
2141,2141,Delivered,23,163
2142,2142,Delivered,52,120
2143,2143,Delivered,43,259
2144,2144,Delivered,36,213
2145,2145,Delivered,61,287
2146,2146,Delivered,38,22
2147,2147,Cancelled,0,259
2148,2148,Delivered,48,28
2149,2149,Delivered,40,79
2150,2150,Delivered,54,69
2151,2151,Delivered,29,35
2152,2152,Delivered,65,249
2153,2153,Delivered,22,213
2154,2154,Delivered,74,151
2155,2155,Delivered,41,277
2156,2156,Delivered,32,46
2157,2157,Delivered,47,292
2158,2158,Delivered,38,154
2159,2159,Delivered,55,161
2160,2160,Delivered,53,209
2161,2161,Cancelled,0,257
2162,2162,Delivered,44,36
2163,2163,Delivered,31,22
2164,2164,Delivered,74,294
2165,2165,Delivered,65,151
2166,2166,Cancelled,0,296
2167,2167,Delivered,52,141
2168,2168,Delivered,48,284
2169,2169,Delivered,43,92
2170,2170,Delivered,53,278
2171,2171,Delivered,49,135
2172,2172,Delivered,64,110
2173,2173,Cancelled,0,114
2174,2174,Delivered,49,293
2175,2175,Delivered,38,72
2176,2176,Delivered,43,220
2177,2177,Delivered,71,27
2178,2178,Delivered,26,112
2179,2179,Delivered,42,50
2180,2180,Delivered,55,275
2181,2181,Delivered,41,112
2182,2182,Delivered,48,113
2183,2183,Cancelled,0,97
2184,2184,Delivered,43,37
2185,2185,Delivered,73,85
2186,2186,Out for Delivery,12,144
2187,2187,Delivered,74,20
2188,2188,Delivered,75,79
2189,2189,Delivered,53,250
2190,2190,Cancelled,0,129
2191,2191,Delivered,46,106
2192,2192,Delivered,26,76
2193,2193,Delivered,71,190
2194,2194,Delivered,61,194
2195,2195,Delivered,58,286
2196,2196,Delivered,23,44
2197,2197,Delivered,26,90
2198,2198,Delivered,45,250
2199,2199,Cancelled,0,174
2200,2200,Delivered,33,185
2201,2201,Delivered,74,163
2202,2202,Delivered,32,222
2203,2203,Delivered,43,224
2204,2204,Delivered,59,42
2205,2205,Delivered,65,295
2206,2206,Delivered,40,225
2207,2207,Delivered,22,95
2208,2208,Delivered,60,275
2209,2209,Delivered,69,69
2210,2210,Delivered,33,187
2211,2211,Delivered,50,265
2212,2212,Cancelled,0,172
2213,2213,Delivered,37,183
2214,2214,Delivered,23,56
2215,2215,Delivered,21,166
2216,2216,Delivered,47,181
2217,2217,Delivered,61,76
2218,2218,Delivered,32,67
2219,2219,Delivered,66,240
2220,2220,Delivered,60,67
2221,2221,Delivered,63,79
2222,2222,Delivered,24,88
2223,2223,Delivered,27,216
2224,2224,Delivered,53,176
2225,2225,Delivered,55,280
2226,2226,Delivered,21,91
2227,2227,Delivered,72,56
2228,2228,Delivered,46,74
2229,2229,Delivered,51,108
2230,2230,Delivered,69,5
2231,2231,Delivered,65,240
2232,2232,Delivered,24,60
2233,2233,Delivered,40,127
2234,2234,Delivered,20,259
2235,2235,Delivered,31,18
2236,2236,Delivered,24,119
2237,2237,Delivered,58,58
2238,2238,Delivered,26,139
2239,2239,Delivered,35,123
2240,2240,Delivered,21,25
2241,2241,Delivered,22,272
2242,2242,Delivered,23,280
2243,2243,Delivered,26,48
2244,2244,Delivered,21,203
2245,2245,Delivered,37,61
2246,2246,Delivered,32,55
2247,2247,Delivered,72,66
2248,2248,Out for Delivery,40,88
2249,2249,Delivered,45,289
2250,2250,Delivered,33,242
2251,2251,Delivered,70,99
2252,2252,Delivered,63,2
2253,2253,Delivered,34,146
2254,2254,Delivered,75,147
2255,2255,Delivered,54,77
2256,2256,Delivered,44,105
2257,2257,Delivered,49,93
2258,2258,Delivered,35,40
2259,2259,Delivered,72,293
2260,2260,Delivered,54,82
2261,2261,Delivered,53,115
2262,2262,Out for Delivery,28,43
2263,2263,Delivered,55,300
2264,2264,Cancelled,0,227
2265,2265,Delivered,30,214
2266,2266,Delivered,24,56
2267,2267,Delivered,68,271
2268,2268,Out for Delivery,36,93
2269,2269,Delivered,70,217
2270,2270,Delivered,46,11
2271,2271,Delivered,59,111
2272,2272,Out for Delivery,31,152
2273,2273,Delivered,31,235
2274,2274,Delivered,65,247
2275,2275,Delivered,48,153
2276,2276,Cancelled,0,167
2277,2277,Delivered,75,251
2278,2278,Delivered,20,202
2279,2279,Delivered,50,81
2280,2280,Delivered,69,167
2281,2281,Delivered,62,222
2282,2282,Delivered,40,294
2283,2283,Out for Delivery,40,38
2284,2284,Delivered,45,138
2285,2285,Delivered,43,208
2286,2286,Delivered,43,42
2287,2287,Delivered,31,115
2288,2288,Delivered,44,298
2289,2289,Delivered,27,224
2290,2290,Delivered,37,31
2291,2291,Delivered,74,269
2292,2292,Delivered,59,175
2293,2293,Delivered,40,130
2294,2294,Delivered,40,171
2295,2295,Delivered,49,274
2296,2296,Delivered,59,109
2297,2297,Out for Delivery,20,230
2298,2298,Delivered,48,17
2299,2299,Delivered,25,236
2300,2300,Delivered,42,96
2301,2301,Delivered,66,111
2302,2302,Delivered,75,32
2303,2303,Delivered,36,174
2304,2304,Delivered,29,284
2305,2305,Delivered,64,251
2306,2306,Delivered,66,96
2307,2307,Delivered,68,293
2308,2308,Delivered,23,254
2309,2309,Delivered,66,143
2310,2310,Delivered,72,88
2311,2311,Cancelled,0,216
2312,2312,Delivered,27,146
2313,2313,Delivered,51,149
2314,2314,Delivered,26,172
2315,2315,Delivered,26,81
2316,2316,Delivered,50,14
2317,2317,Delivered,29,5
2318,2318,Delivered,68,151
2319,2319,Out for Delivery,10,142
2320,2320,Delivered,30,114
2321,2321,Delivered,72,102
2322,2322,Delivered,40,209
2323,2323,Delivered,49,290
2324,2324,Delivered,47,175
2325,2325,Delivered,57,201
2326,2326,Delivered,73,35
2327,2327,Delivered,55,283
2328,2328,Out for Delivery,32,219
2329,2329,Delivered,69,153
2330,2330,Delivered,29,157
2331,2331,Delivered,28,266
2332,2332,Delivered,71,5
2333,2333,Delivered,64,53
2334,2334,Delivered,39,88
2335,2335,Delivered,33,115
2336,2336,Delivered,68,48
2337,2337,Delivered,31,224
2338,2338,Delivered,67,237
2339,2339,Delivered,25,150
2340,2340,Delivered,25,66
2341,2341,Cancelled,0,216
2342,2342,Delivered,40,274
2343,2343,Delivered,42,241
2344,2344,Delivered,29,88
2345,2345,Delivered,27,181
2346,2346,Delivered,65,97
2347,2347,Cancelled,0,78
2348,2348,Out for Delivery,29,149
2349,2349,Delivered,73,130
2350,2350,Delivered,57,46
2351,2351,Delivered,22,267
2352,2352,Delivered,43,296
2353,2353,Delivered,31,181
2354,2354,Cancelled,0,162
2355,2355,Out for Delivery,11,241
2356,2356,Delivered,29,90
2357,2357,Delivered,52,67
2358,2358,Cancelled,0,298
2359,2359,Delivered,48,92
2360,2360,Delivered,32,264
2361,2361,Delivered,69,202
2362,2362,Delivered,48,40
2363,2363,Delivered,65,83
2364,2364,Delivered,68,211
2365,2365,Delivered,58,203
2366,2366,Delivered,65,201
2367,2367,Delivered,67,263
2368,2368,Delivered,57,127
2369,2369,Delivered,48,41
2370,2370,Out for Delivery,12,134
2371,2371,Delivered,26,141
2372,2372,Delivered,41,124
2373,2373,Delivered,27,257
2374,2374,Delivered,48,119
2375,2375,Delivered,32,275
2376,2376,Delivered,49,187
2377,2377,Delivered,35,26
2378,2378,Delivered,25,97
2379,2379,Out for Delivery,13,298
2380,2380,Delivered,67,272
2381,2381,Delivered,60,39
2382,2382,Delivered,72,171
2383,2383,Delivered,72,11
2384,2384,Delivered,29,16
2385,2385,Delivered,62,45
2386,2386,Delivered,62,71
2387,2387,Delivered,51,39
2388,2388,Delivered,67,15
2389,2389,Delivered,75,232
2390,2390,Delivered,68,92
2391,2391,Delivered,59,80
2392,2392,Delivered,58,288
2393,2393,Delivered,51,241
2394,2394,Delivered,27,77
2395,2395,Delivered,68,213
2396,2396,Delivered,63,245
2397,2397,Delivered,38,20
2398,2398,Delivered,49,265
2399,2399,Delivered,21,125
2400,2400,Delivered,56,86
2401,2401,Out for Delivery,34,143
2402,2402,Delivered,68,8
2403,2403,Delivered,39,2
2404,2404,Out for Delivery,29,249
2405,2405,Delivered,70,134
2406,2406,Delivered,56,7
2407,2407,Delivered,37,185
2408,2408,Delivered,74,106
2409,2409,Delivered,50,276
2410,2410,Out for Delivery,33,79
2411,2411,Delivered,32,161
2412,2412,Delivered,58,169
2413,2413,Delivered,26,144
2414,2414,Delivered,34,160
2415,2415,Delivered,65,50
2416,2416,Delivered,64,109
2417,2417,Delivered,72,299
2418,2418,Delivered,70,171
2419,2419,Delivered,38,161
2420,2420,Delivered,69,229
2421,2421,Delivered,68,270
2422,2422,Delivered,50,148
2423,2423,Cancelled,0,3
2424,2424,Delivered,50,209
2425,2425,Delivered,38,236
2426,2426,Delivered,28,127
2427,2427,Cancelled,0,100
2428,2428,Cancelled,0,263
2429,2429,Delivered,24,144
2430,2430,Cancelled,0,221
2431,2431,Out for Delivery,26,78
2432,2432,Delivered,22,233
2433,2433,Delivered,21,211
2434,2434,Cancelled,0,294
2435,2435,Delivered,70,255
2436,2436,Out for Delivery,32,183
2437,2437,Delivered,63,293
2438,2438,Delivered,45,72
2439,2439,Delivered,63,94
2440,2440,Delivered,41,268
2441,2441,Delivered,59,260
2442,2442,Delivered,73,78
2443,2443,Delivered,58,39
2444,2444,Cancelled,0,108
2445,2445,Delivered,28,277
2446,2446,Delivered,21,131
2447,2447,Delivered,59,151
2448,2448,Delivered,32,222
2449,2449,Cancelled,0,143
2450,2450,Delivered,45,98
2451,2451,Delivered,23,278
2452,2452,Cancelled,0,67
2453,2453,Delivered,47,243
2454,2454,Delivered,46,220
2455,2455,Out for Delivery,22,228
2456,2456,Delivered,25,212
2457,2457,Delivered,29,189
2458,2458,Delivered,72,18
2459,2459,Delivered,39,87
2460,2460,Delivered,72,45
2461,2461,Delivered,41,295
2462,2462,Cancelled,0,186
2463,2463,Delivered,46,174
2464,2464,Delivered,43,160
2465,2465,Delivered,67,167
2466,2466,Delivered,73,291
2467,2467,Delivered,37,33
2468,2468,Delivered,42,96
2469,2469,Cancelled,0,292
2470,2470,Delivered,75,130
2471,2471,Delivered,75,122
2472,2472,Delivered,70,31
2473,2473,Delivered,58,169
2474,2474,Delivered,40,115
2475,2475,Delivered,58,25
2476,2476,Delivered,21,261
2477,2477,Delivered,33,131
2478,2478,Delivered,62,15
2479,2479,Delivered,53,254
2480,2480,Delivered,24,42
2481,2481,Delivered,57,42
2482,2482,Delivered,75,66
2483,2483,Delivered,75,143
2484,2484,Delivered,73,287
2485,2485,Delivered,66,102
2486,2486,Delivered,47,122
2487,2487,Delivered,40,205
2488,2488,Delivered,66,89
2489,2489,Delivered,75,247
2490,2490,Delivered,59,262
2491,2491,Delivered,71,199
2492,2492,Delivered,61,160
2493,2493,Delivered,75,68
2494,2494,Delivered,34,199
2495,2495,Delivered,55,79
2496,2496,Delivered,54,253
2497,2497,Delivered,34,140
2498,2498,Cancelled,0,71
2499,2499,Delivered,59,206
2500,2500,Delivered,31,48
2501,2501,Cancelled,0,26
2502,2502,Delivered,75,116
2503,2503,Delivered,44,272
2504,2504,Delivered,48,230
2505,2505,Delivered,27,9
2506,2506,Delivered,65,6
2507,2507,Delivered,64,109
2508,2508,Delivered,45,90
2509,2509,Out for Delivery,15,58
2510,2510,Delivered,47,149
2511,2511,Delivered,48,118
2512,2512,Delivered,60,283
2513,2513,Delivered,35,75
2514,2514,Delivered,23,163
2515,2515,Cancelled,0,28
2516,2516,Delivered,23,252
2517,2517,Delivered,28,151
2518,2518,Out for Delivery,19,268
2519,2519,Delivered,68,113
2520,2520,Delivered,61,43
2521,2521,Delivered,59,120
2522,2522,Delivered,60,233
2523,2523,Delivered,24,5
2524,2524,Delivered,74,209
2525,2525,Delivered,32,184
2526,2526,Delivered,65,171
2527,2527,Delivered,56,131
2528,2528,Delivered,22,27
2529,2529,Delivered,54,84
2530,2530,Cancelled,0,235
2531,2531,Delivered,45,228
2532,2532,Delivered,65,244
2533,2533,Delivered,31,232
2534,2534,Out for Delivery,15,135
2535,2535,Delivered,54,149
2536,2536,Delivered,23,57
2537,2537,Delivered,29,150
2538,2538,Out for Delivery,25,243
2539,2539,Delivered,24,233
2540,2540,Delivered,73,272
2541,2541,Delivered,43,6
2542,2542,Delivered,71,177
2543,2543,Delivered,37,147
2544,2544,Delivered,24,99
2545,2545,Delivered,75,298
2546,2546,Cancelled,0,9
2547,2547,Delivered,57,260
2548,2548,Out for Delivery,34,287
2549,2549,Cancelled,0,279
2550,2550,Delivered,69,275
2551,2551,Cancelled,0,131
2552,2552,Delivered,40,253
2553,2553,Cancelled,0,39
2554,2554,Delivered,37,258
2555,2555,Cancelled,0,294
2556,2556,Delivered,62,51
2557,2557,Delivered,38,291
2558,2558,Delivered,68,285
2559,2559,Delivered,26,78
2560,2560,Delivered,62,78
2561,2561,Delivered,36,23
2562,2562,Delivered,55,2
2563,2563,Delivered,65,95
2564,2564,Delivered,29,30
2565,2565,Delivered,72,187
2566,2566,Delivered,27,154
2567,2567,Delivered,48,110
2568,2568,Delivered,61,82
2569,2569,Delivered,62,223
2570,2570,Delivered,28,160
2571,2571,Delivered,60,95
2572,2572,Delivered,27,201
2573,2573,Delivered,40,144
2574,2574,Delivered,70,25
2575,2575,Delivered,72,44
2576,2576,Delivered,54,206
2577,2577,Delivered,45,140
2578,2578,Out for Delivery,37,89
2579,2579,Delivered,57,134
2580,2580,Delivered,24,238
2581,2581,Delivered,67,261
2582,2582,Cancelled,0,22
2583,2583,Delivered,55,155
2584,2584,Delivered,65,157
2585,2585,Delivered,51,126
2586,2586,Delivered,59,127
2587,2587,Delivered,23,25
2588,2588,Delivered,71,262
2589,2589,Delivered,44,134
2590,2590,Delivered,42,86
2591,2591,Delivered,40,197
2592,2592,Delivered,60,219
2593,2593,Delivered,34,247
2594,2594,Delivered,32,204
2595,2595,Delivered,27,86
2596,2596,Delivered,36,228
2597,2597,Delivered,55,130
2598,2598,Delivered,37,79
2599,2599,Delivered,65,174
2600,2600,Delivered,70,146
2601,2601,Delivered,40,124
2602,2602,Delivered,25,191
2603,2603,Delivered,75,156
2604,2604,Delivered,36,214
2605,2605,Delivered,65,163
2606,2606,Delivered,40,215
2607,2607,Delivered,71,209
2608,2608,Cancelled,0,230
2609,2609,Delivered,59,197
2610,2610,Delivered,49,144
2611,2611,Delivered,71,189
2612,2612,Delivered,32,71
2613,2613,Delivered,35,247
2614,2614,Delivered,63,218
2615,2615,Delivered,22,47
2616,2616,Delivered,54,86
2617,2617,Delivered,44,224
2618,2618,Delivered,69,124
2619,2619,Delivered,55,257
2620,2620,Delivered,53,24
2621,2621,Delivered,27,132
2622,2622,Delivered,61,206
2623,2623,Delivered,48,244
2624,2624,Delivered,33,276
2625,2625,Delivered,50,6
2626,2626,Out for Delivery,31,142
2627,2627,Delivered,71,47
2628,2628,Delivered,70,29
2629,2629,Delivered,48,8
2630,2630,Delivered,21,153
2631,2631,Delivered,41,271
2632,2632,Delivered,63,224
2633,2633,Delivered,69,108
2634,2634,Delivered,74,145
2635,2635,Delivered,71,97
2636,2636,Delivered,64,86
2637,2637,Delivered,62,145
2638,2638,Delivered,33,253
2639,2639,Delivered,39,226
2640,2640,Delivered,52,174
2641,2641,Delivered,35,104
2642,2642,Delivered,64,148
2643,2643,Cancelled,0,210
2644,2644,Delivered,33,125
2645,2645,Delivered,36,101
2646,2646,Delivered,39,82
2647,2647,Delivered,28,179
2648,2648,Delivered,44,162
2649,2649,Delivered,72,253
2650,2650,Delivered,60,296
2651,2651,Delivered,29,261
2652,2652,Delivered,24,161
2653,2653,Delivered,69,143
2654,2654,Delivered,48,13
2655,2655,Delivered,73,116
2656,2656,Delivered,41,176
2657,2657,Delivered,40,222
2658,2658,Delivered,73,192
2659,2659,Delivered,69,118
2660,2660,Delivered,22,133
2661,2661,Delivered,51,216
2662,2662,Delivered,69,251
2663,2663,Delivered,61,188
2664,2664,Delivered,51,40
2665,2665,Cancelled,0,44
2666,2666,Delivered,47,238
2667,2667,Delivered,22,81
2668,2668,Delivered,38,196
2669,2669,Delivered,44,54
2670,2670,Delivered,61,253
2671,2671,Delivered,34,68
2672,2672,Delivered,35,106
2673,2673,Delivered,42,50
2674,2674,Cancelled,0,93
2675,2675,Delivered,72,200
2676,2676,Delivered,73,101
2677,2677,Delivered,54,279
2678,2678,Delivered,59,11
2679,2679,Delivered,21,45
2680,2680,Delivered,64,176
2681,2681,Delivered,34,268
2682,2682,Delivered,41,284
2683,2683,Delivered,59,95
2684,2684,Delivered,26,27
2685,2685,Delivered,37,22
2686,2686,Delivered,36,139
2687,2687,Delivered,60,43
2688,2688,Delivered,74,287
2689,2689,Delivered,47,193
2690,2690,Out for Delivery,24,232
2691,2691,Delivered,58,240
2692,2692,Delivered,57,223
2693,2693,Delivered,57,189
2694,2694,Delivered,62,258
2695,2695,Delivered,28,42
2696,2696,Delivered,56,55
2697,2697,Delivered,60,172
2698,2698,Delivered,22,112
2699,2699,Out for Delivery,22,194
2700,2700,Delivered,22,154
2701,2701,Delivered,69,296
2702,2702,Delivered,30,155
2703,2703,Delivered,43,48
2704,2704,Delivered,32,23
2705,2705,Delivered,75,253
2706,2706,Delivered,42,226
2707,2707,Delivered,42,62
2708,2708,Delivered,21,233
2709,2709,Delivered,35,10
2710,2710,Delivered,21,286
2711,2711,Delivered,69,204
2712,2712,Delivered,51,66
2713,2713,Delivered,27,99
2714,2714,Delivered,34,279
2715,2715,Cancelled,0,192
2716,2716,Delivered,43,243
2717,2717,Delivered,49,16
2718,2718,Delivered,28,173
2719,2719,Delivered,27,135
2720,2720,Delivered,24,161
2721,2721,Delivered,43,138
2722,2722,Delivered,75,21
2723,2723,Delivered,64,59
2724,2724,Out for Delivery,34,4
2725,2725,Delivered,50,49
2726,2726,Delivered,68,25
2727,2727,Delivered,47,127
2728,2728,Delivered,63,14
2729,2729,Delivered,41,248
2730,2730,Delivered,48,174
2731,2731,Delivered,62,69
2732,2732,Delivered,46,178
2733,2733,Delivered,73,233
2734,2734,Delivered,58,291
2735,2735,Delivered,52,160
2736,2736,Delivered,33,202
2737,2737,Cancelled,0,27
2738,2738,Delivered,46,14
2739,2739,Delivered,30,7
2740,2740,Delivered,60,51
2741,2741,Delivered,73,164
2742,2742,Delivered,68,85
2743,2743,Delivered,57,215
2744,2744,Delivered,67,38
2745,2745,Delivered,53,65
2746,2746,Delivered,60,208
2747,2747,Delivered,51,90
2748,2748,Out for Delivery,31,175
2749,2749,Delivered,61,17
2750,2750,Delivered,26,166
2751,2751,Delivered,48,61
2752,2752,Delivered,71,2
2753,2753,Delivered,34,204
2754,2754,Delivered,46,148
2755,2755,Delivered,65,272
2756,2756,Delivered,60,127
2757,2757,Delivered,40,94
2758,2758,Delivered,44,2
2759,2759,Cancelled,0,36
2760,2760,Delivered,23,62
2761,2761,Delivered,48,231
2762,2762,Delivered,54,281
2763,2763,Delivered,66,18
2764,2764,Delivered,51,67
2765,2765,Delivered,41,16
2766,2766,Delivered,65,117
2767,2767,Delivered,23,189
2768,2768,Delivered,26,77
2769,2769,Delivered,45,14
2770,2770,Delivered,58,83
2771,2771,Delivered,27,42
2772,2772,Delivered,66,35
2773,2773,Delivered,27,81
2774,2774,Delivered,33,246
2775,2775,Delivered,43,132
2776,2776,Cancelled,0,293
2777,2777,Delivered,74,215
2778,2778,Delivered,42,102
2779,2779,Delivered,67,267
2780,2780,Out for Delivery,26,209
2781,2781,Cancelled,0,58
2782,2782,Delivered,52,299
2783,2783,Delivered,74,123
2784,2784,Delivered,33,75
2785,2785,Delivered,63,114
2786,2786,Cancelled,0,216
2787,2787,Delivered,70,238
2788,2788,Delivered,63,74
2789,2789,Delivered,66,287
2790,2790,Delivered,64,193
2791,2791,Delivered,58,9
2792,2792,Delivered,47,293
2793,2793,Delivered,75,65
2794,2794,Delivered,46,258
2795,2795,Delivered,50,149
2796,2796,Delivered,36,185
2797,2797,Delivered,31,51
2798,2798,Delivered,65,259
2799,2799,Cancelled,0,220
2800,2800,Delivered,53,130
2801,2801,Delivered,49,74
2802,2802,Delivered,35,235
2803,2803,Delivered,39,228
2804,2804,Delivered,55,167
2805,2805,Delivered,69,293
2806,2806,Delivered,43,279
2807,2807,Delivered,37,55
2808,2808,Delivered,30,271
2809,2809,Delivered,47,120
2810,2810,Delivered,63,227
2811,2811,Delivered,36,279
2812,2812,Delivered,67,58
2813,2813,Delivered,39,234
2814,2814,Delivered,43,138
2815,2815,Delivered,68,113
2816,2816,Delivered,36,217
2817,2817,Delivered,70,124
2818,2818,Delivered,27,200
2819,2819,Delivered,69,281
2820,2820,Delivered,40,159
2821,2821,Delivered,75,290
2822,2822,Delivered,39,205
2823,2823,Delivered,39,5
2824,2824,Delivered,62,104
2825,2825,Delivered,28,2
2826,2826,Cancelled,0,198
2827,2827,Delivered,36,54
2828,2828,Delivered,54,76
2829,2829,Cancelled,0,16
2830,2830,Delivered,50,250
2831,2831,Delivered,30,109
2832,2832,Delivered,59,185
2833,2833,Delivered,61,246
2834,2834,Delivered,73,261
2835,2835,Delivered,55,233
2836,2836,Delivered,26,20
2837,2837,Delivered,49,199
2838,2838,Delivered,68,15
2839,2839,Cancelled,0,105
2840,2840,Delivered,46,29
2841,2841,Delivered,43,131
2842,2842,Delivered,45,83
2843,2843,Delivered,22,151
2844,2844,Delivered,65,95
2845,2845,Delivered,37,17
2846,2846,Delivered,20,226
2847,2847,Delivered,47,266
2848,2848,Delivered,54,178
2849,2849,Delivered,30,226
2850,2850,Delivered,21,204
2851,2851,Delivered,42,13
2852,2852,Delivered,44,290
2853,2853,Delivered,72,44
2854,2854,Delivered,57,174
2855,2855,Delivered,25,254
2856,2856,Delivered,25,223
2857,2857,Delivered,43,107
2858,2858,Cancelled,0,28
2859,2859,Delivered,20,60
2860,2860,Delivered,33,293
2861,2861,Delivered,43,66
2862,2862,Cancelled,0,91
2863,2863,Delivered,64,263
2864,2864,Delivered,38,46
2865,2865,Delivered,66,156
2866,2866,Delivered,24,78
2867,2867,Delivered,25,130
2868,2868,Delivered,25,266
2869,2869,Delivered,55,188
2870,2870,Delivered,53,110
2871,2871,Delivered,42,62
2872,2872,Delivered,50,46
2873,2873,Out for Delivery,25,213
2874,2874,Delivered,64,177
2875,2875,Delivered,20,27
2876,2876,Delivered,74,143
2877,2877,Delivered,68,29
2878,2878,Out for Delivery,21,153
2879,2879,Delivered,53,137
2880,2880,Delivered,61,100
2881,2881,Delivered,75,79
2882,2882,Delivered,36,245
2883,2883,Delivered,25,241
2884,2884,Out for Delivery,38,269
2885,2885,Delivered,57,105
2886,2886,Delivered,68,216
2887,2887,Delivered,25,25
2888,2888,Delivered,36,190
2889,2889,Delivered,57,66
2890,2890,Delivered,31,269
2891,2891,Delivered,58,22
2892,2892,Delivered,46,148
2893,2893,Delivered,56,42
2894,2894,Delivered,62,284
2895,2895,Delivered,66,111
2896,2896,Delivered,23,198
2897,2897,Out for Delivery,32,109
2898,2898,Delivered,28,52
2899,2899,Delivered,71,73
2900,2900,Delivered,52,109
2901,2901,Delivered,46,177
2902,2902,Delivered,47,14
2903,2903,Delivered,46,76
2904,2904,Delivered,73,72
2905,2905,Delivered,71,213
2906,2906,Delivered,59,135
2907,2907,Delivered,44,187
2908,2908,Delivered,47,38
2909,2909,Out for Delivery,18,4
2910,2910,Out for Delivery,19,176
2911,2911,Out for Delivery,39,30
2912,2912,Delivered,50,146
2913,2913,Delivered,51,287
2914,2914,Delivered,61,275
2915,2915,Delivered,47,296
2916,2916,Delivered,28,242
2917,2917,Cancelled,0,115
2918,2918,Delivered,23,255
2919,2919,Delivered,38,86
2920,2920,Delivered,35,60
2921,2921,Delivered,42,9
2922,2922,Delivered,54,201
2923,2923,Delivered,42,144
2924,2924,Delivered,73,61
2925,2925,Delivered,63,222
2926,2926,Delivered,22,263
2927,2927,Delivered,55,86
2928,2928,Delivered,30,132
2929,2929,Delivered,23,71
2930,2930,Delivered,20,249
2931,2931,Delivered,40,243
2932,2932,Delivered,29,255
2933,2933,Delivered,46,7
2934,2934,Cancelled,0,207
2935,2935,Delivered,38,33
2936,2936,Delivered,50,168
2937,2937,Delivered,32,38
2938,2938,Delivered,40,291
2939,2939,Delivered,26,261
2940,2940,Cancelled,0,71
2941,2941,Cancelled,0,17
2942,2942,Delivered,66,195
2943,2943,Delivered,58,205
2944,2944,Delivered,68,116
2945,2945,Delivered,39,105
2946,2946,Delivered,56,231
2947,2947,Delivered,30,155
2948,2948,Delivered,26,38
2949,2949,Cancelled,0,70
2950,2950,Delivered,57,204
2951,2951,Cancelled,0,48
2952,2952,Delivered,20,19
2953,2953,Delivered,25,109
2954,2954,Out for Delivery,29,29
2955,2955,Delivered,38,284
2956,2956,Delivered,37,102
2957,2957,Delivered,48,169
2958,2958,Delivered,50,147
2959,2959,Delivered,38,33
2960,2960,Delivered,35,283
2961,2961,Delivered,67,36
2962,2962,Delivered,68,123
2963,2963,Delivered,55,4
2964,2964,Delivered,61,45
2965,2965,Out for Delivery,18,104
2966,2966,Delivered,38,88
2967,2967,Delivered,24,192
2968,2968,Delivered,54,114
2969,2969,Delivered,58,85
2970,2970,Delivered,55,64
2971,2971,Delivered,56,214
2972,2972,Delivered,37,19
2973,2973,Delivered,23,298
2974,2974,Delivered,66,210
2975,2975,Delivered,54,131
2976,2976,Delivered,32,206
2977,2977,Delivered,20,137
2978,2978,Delivered,52,49
2979,2979,Delivered,38,224
2980,2980,Delivered,46,162
2981,2981,Cancelled,0,29
2982,2982,Delivered,68,19
2983,2983,Cancelled,0,269
2984,2984,Delivered,61,91
2985,2985,Delivered,52,197
2986,2986,Delivered,49,162
2987,2987,Delivered,25,176
2988,2988,Delivered,73,228
2989,2989,Delivered,56,119
2990,2990,Delivered,31,114
2991,2991,Cancelled,0,178
2992,2992,Delivered,74,137
2993,2993,Delivered,26,108
2994,2994,Delivered,33,58
2995,2995,Delivered,58,180
2996,2996,Delivered,33,36
2997,2997,Delivered,20,189
2998,2998,Delivered,39,202
2999,2999,Delivered,44,117
3000,3000,Delivered,28,275
3001,3001,Delivered,38,96
3002,3002,Delivered,20,171
3003,3003,Delivered,28,159
3004,3004,Delivered,33,79
3005,3005,Delivered,46,204
3006,3006,Delivered,32,11
3007,3007,Out for Delivery,37,146
3008,3008,Delivered,27,271
3009,3009,Cancelled,0,136
3010,3010,Delivered,25,70
3011,3011,Out for Delivery,29,171
3012,3012,Delivered,73,15
3013,3013,Delivered,34,190
3014,3014,Delivered,20,271
3015,3015,Delivered,71,89
3016,3016,Delivered,67,257
3017,3017,Delivered,52,148
3018,3018,Delivered,47,216
3019,3019,Delivered,65,24
3020,3020,Delivered,41,222
3021,3021,Cancelled,0,106
3022,3022,Delivered,27,18
3023,3023,Delivered,25,240
3024,3024,Delivered,37,150
3025,3025,Delivered,53,60
3026,3026,Out for Delivery,16,80
3027,3027,Delivered,60,39
3028,3028,Delivered,66,155
3029,3029,Cancelled,0,62
3030,3030,Cancelled,0,235
3031,3031,Delivered,70,159
3032,3032,Delivered,23,193
3033,3033,Delivered,34,190
3034,3034,Delivered,63,38
3035,3035,Delivered,59,113
3036,3036,Delivered,45,64
3037,3037,Delivered,44,232
3038,3038,Delivered,64,5
3039,3039,Delivered,70,283
3040,3040,Delivered,34,130
3041,3041,Delivered,68,53
3042,3042,Delivered,37,220
3043,3043,Delivered,32,284
3044,3044,Delivered,69,26
3045,3045,Out for Delivery,40,29
3046,3046,Out for Delivery,25,98
3047,3047,Delivered,41,251
3048,3048,Delivered,40,178
3049,3049,Delivered,28,125
3050,3050,Delivered,74,194
3051,3051,Delivered,72,83
3052,3052,Delivered,41,139
3053,3053,Delivered,29,3
3054,3054,Delivered,25,74
3055,3055,Delivered,74,282
3056,3056,Delivered,46,13
3057,3057,Delivered,51,221
3058,3058,Delivered,25,2
3059,3059,Delivered,50,101
3060,3060,Delivered,45,245
3061,3061,Delivered,64,3
3062,3062,Delivered,68,232
3063,3063,Delivered,44,268
3064,3064,Cancelled,0,153
3065,3065,Delivered,25,51
3066,3066,Delivered,36,184
3067,3067,Delivered,53,179
3068,3068,Delivered,31,1
3069,3069,Cancelled,0,148
3070,3070,Delivered,48,7
3071,3071,Delivered,25,226
3072,3072,Delivered,46,108
3073,3073,Delivered,38,167
3074,3074,Delivered,46,251
3075,3075,Cancelled,0,203
3076,3076,Out for Delivery,39,142
3077,3077,Delivered,43,46
3078,3078,Delivered,36,123
3079,3079,Delivered,73,114
3080,3080,Delivered,29,111
3081,3081,Delivered,31,244
3082,3082,Delivered,40,104
3083,3083,Cancelled,0,95
3084,3084,Delivered,31,207
3085,3085,Delivered,50,231
3086,3086,Delivered,47,112
3087,3087,Delivered,51,157
3088,3088,Delivered,35,160
3089,3089,Out for Delivery,26,213
3090,3090,Delivered,42,151
3091,3091,Delivered,32,284
3092,3092,Delivered,45,245
3093,3093,Delivered,26,278
3094,3094,Delivered,45,62
3095,3095,Delivered,44,61
3096,3096,Delivered,54,216
3097,3097,Delivered,50,173
3098,3098,Delivered,71,190
3099,3099,Delivered,33,180
3100,3100,Delivered,29,221
3101,3101,Delivered,54,118
3102,3102,Delivered,71,182
3103,3103,Delivered,54,267
3104,3104,Delivered,60,171
3105,3105,Delivered,40,222
3106,3106,Delivered,70,155
3107,3107,Delivered,71,179
3108,3108,Delivered,41,57
3109,3109,Delivered,40,92
3110,3110,Delivered,56,40
3111,3111,Delivered,63,129
3112,3112,Delivered,43,201
3113,3113,Delivered,37,95
3114,3114,Delivered,42,176
3115,3115,Delivered,71,184
3116,3116,Delivered,40,48
3117,3117,Delivered,55,182
3118,3118,Delivered,53,8
3119,3119,Delivered,46,243
3120,3120,Delivered,30,62
3121,3121,Delivered,53,14
3122,3122,Delivered,43,90
3123,3123,Delivered,47,63
3124,3124,Out for Delivery,28,221
3125,3125,Out for Delivery,15,93
3126,3126,Delivered,56,223
3127,3127,Delivered,55,81
3128,3128,Delivered,23,25
3129,3129,Delivered,42,16
3130,3130,Delivered,59,181
3131,3131,Out for Delivery,29,258
3132,3132,Delivered,71,19
3133,3133,Cancelled,0,104
3134,3134,Delivered,60,227
3135,3135,Delivered,27,161
3136,3136,Delivered,42,206
3137,3137,Delivered,73,64
3138,3138,Delivered,41,243
3139,3139,Delivered,64,266
3140,3140,Delivered,66,70
3141,3141,Delivered,38,243
3142,3142,Delivered,71,263
3143,3143,Cancelled,0,199
3144,3144,Delivered,52,147
3145,3145,Delivered,54,134
3146,3146,Cancelled,0,182
3147,3147,Delivered,52,12
3148,3148,Delivered,25,147
3149,3149,Delivered,71,244
3150,3150,Delivered,20,101
3151,3151,Delivered,57,30
3152,3152,Delivered,35,87
3153,3153,Delivered,20,35
3154,3154,Delivered,33,224
3155,3155,Delivered,43,203
3156,3156,Delivered,39,151
3157,3157,Delivered,39,184
3158,3158,Delivered,31,49
3159,3159,Delivered,41,234
3160,3160,Delivered,74,211
3161,3161,Delivered,58,140
3162,3162,Delivered,43,290
3163,3163,Delivered,58,73
3164,3164,Out for Delivery,31,91
3165,3165,Delivered,49,113
3166,3166,Delivered,32,91
3167,3167,Out for Delivery,17,57
3168,3168,Delivered,21,77
3169,3169,Delivered,23,290
3170,3170,Delivered,59,210
3171,3171,Delivered,30,19
3172,3172,Delivered,56,29
3173,3173,Delivered,70,57
3174,3174,Delivered,33,249
3175,3175,Delivered,67,19
3176,3176,Delivered,43,185
3177,3177,Delivered,62,168
3178,3178,Delivered,54,29
3179,3179,Delivered,24,125
3180,3180,Delivered,57,10
3181,3181,Out for Delivery,23,256
3182,3182,Delivered,47,180
3183,3183,Cancelled,0,30
3184,3184,Delivered,51,127
3185,3185,Delivered,21,265
3186,3186,Delivered,66,290
3187,3187,Delivered,48,253
3188,3188,Delivered,53,60
3189,3189,Delivered,50,80
3190,3190,Out for Delivery,16,171
3191,3191,Delivered,41,122
3192,3192,Delivered,37,201
3193,3193,Delivered,51,283
3194,3194,Delivered,26,242
3195,3195,Delivered,62,24
3196,3196,Delivered,24,72
3197,3197,Delivered,50,98
3198,3198,Delivered,55,292
3199,3199,Delivered,32,265
3200,3200,Delivered,48,259
3201,3201,Delivered,28,251
3202,3202,Delivered,64,141
3203,3203,Delivered,69,287
3204,3204,Delivered,58,147
3205,3205,Delivered,23,57
3206,3206,Delivered,64,222
3207,3207,Cancelled,0,124
3208,3208,Delivered,26,158
3209,3209,Delivered,41,61
3210,3210,Delivered,65,218
3211,3211,Delivered,21,147
3212,3212,Delivered,39,47
3213,3213,Delivered,28,39
3214,3214,Delivered,35,224
3215,3215,Cancelled,0,229
3216,3216,Delivered,75,147
3217,3217,Delivered,26,274
3218,3218,Delivered,54,300
3219,3219,Delivered,44,142
3220,3220,Cancelled,0,232
3221,3221,Delivered,54,249
3222,3222,Delivered,61,198
3223,3223,Delivered,36,187
3224,3224,Out for Delivery,25,171
3225,3225,Delivered,57,196
3226,3226,Delivered,59,186
3227,3227,Delivered,46,82
3228,3228,Delivered,64,148
3229,3229,Delivered,61,48
3230,3230,Delivered,44,107
3231,3231,Delivered,45,250
3232,3232,Delivered,48,11
3233,3233,Delivered,34,300
3234,3234,Delivered,62,161
3235,3235,Delivered,62,284
3236,3236,Delivered,66,88
3237,3237,Delivered,57,25
3238,3238,Delivered,22,69
3239,3239,Delivered,30,55
3240,3240,Delivered,62,174
3241,3241,Cancelled,0,235
3242,3242,Delivered,24,150
3243,3243,Delivered,57,154
3244,3244,Delivered,63,235
3245,3245,Delivered,72,236
3246,3246,Delivered,43,156
3247,3247,Delivered,52,76
3248,3248,Cancelled,0,34
3249,3249,Cancelled,0,134
3250,3250,Delivered,64,155
3251,3251,Delivered,22,185
3252,3252,Delivered,51,159
3253,3253,Delivered,26,75
3254,3254,Delivered,71,251
3255,3255,Delivered,67,8
3256,3256,Delivered,35,291
3257,3257,Delivered,42,116
3258,3258,Cancelled,0,26
3259,3259,Delivered,22,149
3260,3260,Delivered,28,69
3261,3261,Delivered,55,276
3262,3262,Delivered,33,74
3263,3263,Delivered,21,297
3264,3264,Cancelled,0,194
3265,3265,Delivered,23,180
3266,3266,Delivered,37,104
3267,3267,Delivered,25,77
3268,3268,Delivered,67,295
3269,3269,Delivered,41,14
3270,3270,Delivered,32,153
3271,3271,Delivered,70,93
3272,3272,Delivered,42,111
3273,3273,Delivered,71,177
3274,3274,Delivered,55,284
3275,3275,Delivered,23,279
3276,3276,Delivered,22,53
3277,3277,Delivered,67,62
3278,3278,Delivered,26,188
3279,3279,Delivered,57,234
3280,3280,Delivered,57,194
3281,3281,Delivered,53,44
3282,3282,Delivered,36,73
3283,3283,Delivered,53,5
3284,3284,Delivered,53,64
3285,3285,Delivered,51,158
3286,3286,Delivered,33,100
3287,3287,Delivered,57,133
3288,3288,Cancelled,0,116
3289,3289,Delivered,33,20
3290,3290,Delivered,42,84
3291,3291,Delivered,31,225
3292,3292,Cancelled,0,80
3293,3293,Delivered,63,185
3294,3294,Delivered,50,85
3295,3295,Delivered,49,82
3296,3296,Delivered,35,95
3297,3297,Delivered,59,227
3298,3298,Delivered,42,23
3299,3299,Delivered,46,135
3300,3300,Delivered,33,213
3301,3301,Delivered,54,47
3302,3302,Delivered,70,246
3303,3303,Out for Delivery,33,233
3304,3304,Delivered,59,240
3305,3305,Cancelled,0,171
3306,3306,Delivered,29,293
3307,3307,Delivered,61,107
3308,3308,Delivered,72,109
3309,3309,Delivered,57,44
3310,3310,Delivered,59,250
3311,3311,Delivered,24,47
3312,3312,Delivered,71,178
3313,3313,Delivered,68,23
3314,3314,Delivered,68,58
3315,3315,Delivered,71,82
3316,3316,Delivered,51,185
3317,3317,Out for Delivery,32,116
3318,3318,Delivered,26,208
3319,3319,Delivered,32,41
3320,3320,Cancelled,0,11
3321,3321,Delivered,62,111
3322,3322,Delivered,75,32
3323,3323,Delivered,58,131
3324,3324,Cancelled,0,254
3325,3325,Delivered,24,87
3326,3326,Delivered,69,69
3327,3327,Out for Delivery,35,210
3328,3328,Delivered,70,299
3329,3329,Delivered,49,226
3330,3330,Delivered,46,211
3331,3331,Delivered,27,208
3332,3332,Delivered,25,47
3333,3333,Out for Delivery,30,212
3334,3334,Delivered,48,248
3335,3335,Cancelled,0,85
3336,3336,Delivered,62,128
3337,3337,Out for Delivery,29,201
3338,3338,Delivered,65,51
3339,3339,Delivered,45,123
3340,3340,Delivered,50,172
3341,3341,Delivered,45,177
3342,3342,Delivered,75,229
3343,3343,Delivered,45,263
3344,3344,Delivered,45,21
3345,3345,Delivered,62,299
3346,3346,Delivered,33,136
3347,3347,Out for Delivery,29,225
3348,3348,Delivered,69,93
3349,3349,Delivered,58,23
3350,3350,Delivered,52,189
3351,3351,Delivered,25,279
3352,3352,Delivered,22,37
3353,3353,Delivered,35,291
3354,3354,Delivered,71,69
3355,3355,Delivered,22,254
3356,3356,Cancelled,0,103
3357,3357,Delivered,69,265
3358,3358,Delivered,75,84
3359,3359,Delivered,61,16
3360,3360,Delivered,22,289
3361,3361,Delivered,61,96
3362,3362,Delivered,20,232
3363,3363,Cancelled,0,147
3364,3364,Out for Delivery,33,6
3365,3365,Delivered,27,143
3366,3366,Delivered,71,16
3367,3367,Out for Delivery,37,8
3368,3368,Delivered,39,84
3369,3369,Delivered,67,60
3370,3370,Delivered,61,229
3371,3371,Delivered,31,275
3372,3372,Cancelled,0,163
3373,3373,Delivered,50,245
3374,3374,Delivered,73,243
3375,3375,Delivered,75,112
3376,3376,Delivered,43,147
3377,3377,Delivered,30,41
3378,3378,Delivered,68,212
3379,3379,Delivered,69,52
3380,3380,Delivered,38,220
3381,3381,Delivered,39,55
3382,3382,Delivered,28,250
3383,3383,Delivered,24,247
3384,3384,Delivered,66,71
3385,3385,Out for Delivery,10,8
3386,3386,Delivered,22,127
3387,3387,Delivered,37,101
3388,3388,Delivered,44,149
3389,3389,Delivered,53,130
3390,3390,Delivered,22,265
3391,3391,Delivered,61,29
3392,3392,Delivered,23,11
3393,3393,Delivered,61,17
3394,3394,Delivered,39,173
3395,3395,Delivered,25,95
3396,3396,Delivered,37,281
3397,3397,Delivered,36,87
3398,3398,Delivered,27,210
3399,3399,Delivered,24,211
3400,3400,Delivered,66,242
3401,3401,Delivered,49,110
3402,3402,Delivered,31,44
3403,3403,Cancelled,0,218
3404,3404,Delivered,23,11
3405,3405,Delivered,41,53
3406,3406,Delivered,55,133
3407,3407,Delivered,59,35
3408,3408,Delivered,73,214
3409,3409,Delivered,59,98
3410,3410,Delivered,63,271
3411,3411,Delivered,28,129
3412,3412,Delivered,22,145
3413,3413,Cancelled,0,42
3414,3414,Delivered,63,6
3415,3415,Delivered,40,136
3416,3416,Delivered,30,136
3417,3417,Delivered,40,89
3418,3418,Delivered,60,231
3419,3419,Delivered,31,182
3420,3420,Delivered,65,215
3421,3421,Delivered,56,112
3422,3422,Delivered,59,38
3423,3423,Delivered,63,193
3424,3424,Delivered,23,77
3425,3425,Delivered,25,289
3426,3426,Delivered,75,219
3427,3427,Delivered,45,126
3428,3428,Delivered,58,221
3429,3429,Delivered,39,284
3430,3430,Delivered,59,251
3431,3431,Delivered,44,270
3432,3432,Delivered,64,294
3433,3433,Delivered,75,256
3434,3434,Out for Delivery,32,133
3435,3435,Delivered,23,90
3436,3436,Delivered,36,32
3437,3437,Delivered,30,168
3438,3438,Delivered,28,142
3439,3439,Delivered,66,4
3440,3440,Delivered,46,14
3441,3441,Delivered,43,194
3442,3442,Delivered,40,137
3443,3443,Delivered,32,116
3444,3444,Out for Delivery,17,277
3445,3445,Delivered,52,183
3446,3446,Delivered,73,5
3447,3447,Delivered,28,27
3448,3448,Delivered,61,167
3449,3449,Delivered,38,199
3450,3450,Delivered,49,44
3451,3451,Delivered,71,128
3452,3452,Delivered,33,226
3453,3453,Delivered,42,275
3454,3454,Delivered,57,73
3455,3455,Delivered,51,239
3456,3456,Delivered,59,291
3457,3457,Delivered,27,206
3458,3458,Delivered,42,24
3459,3459,Delivered,36,248
3460,3460,Cancelled,0,173
3461,3461,Delivered,44,108
3462,3462,Delivered,20,261
3463,3463,Delivered,53,158
3464,3464,Delivered,60,82
3465,3465,Delivered,46,159
3466,3466,Delivered,24,138
3467,3467,Delivered,30,106
3468,3468,Delivered,35,147
3469,3469,Delivered,41,21
3470,3470,Delivered,48,192
3471,3471,Out for Delivery,30,128
3472,3472,Delivered,21,9
3473,3473,Delivered,68,51
3474,3474,Delivered,26,274
3475,3475,Delivered,30,118
3476,3476,Delivered,59,230
3477,3477,Delivered,22,151
3478,3478,Out for Delivery,15,270
3479,3479,Delivered,69,1
3480,3480,Out for Delivery,24,225
3481,3481,Cancelled,0,194
3482,3482,Delivered,28,217
3483,3483,Delivered,61,203
3484,3484,Delivered,68,295
3485,3485,Delivered,70,67
3486,3486,Delivered,75,99
3487,3487,Delivered,64,249
3488,3488,Delivered,39,115
3489,3489,Out for Delivery,28,220
3490,3490,Delivered,61,106
3491,3491,Cancelled,0,113
3492,3492,Cancelled,0,145
3493,3493,Delivered,46,260
3494,3494,Delivered,27,183
3495,3495,Delivered,49,86
3496,3496,Delivered,66,56
3497,3497,Delivered,31,155
3498,3498,Delivered,27,137
3499,3499,Delivered,45,269
3500,3500,Delivered,42,36
3501,3501,Delivered,63,104
3502,3502,Delivered,46,5
3503,3503,Delivered,75,269
3504,3504,Delivered,68,10
3505,3505,Delivered,50,65
3506,3506,Delivered,39,18
3507,3507,Delivered,56,299
3508,3508,Delivered,49,266
3509,3509,Out for Delivery,40,269
3510,3510,Out for Delivery,33,188
3511,3511,Delivered,43,41
3512,3512,Delivered,24,97
3513,3513,Cancelled,0,36
3514,3514,Delivered,56,94
3515,3515,Delivered,42,203
3516,3516,Delivered,20,286
3517,3517,Delivered,70,295
3518,3518,Delivered,56,15
3519,3519,Delivered,60,282
3520,3520,Delivered,23,27
3521,3521,Delivered,69,61
3522,3522,Delivered,56,171
3523,3523,Delivered,27,10
3524,3524,Delivered,32,57
3525,3525,Delivered,55,75
3526,3526,Delivered,57,163
3527,3527,Delivered,31,76
3528,3528,Delivered,45,49
3529,3529,Delivered,32,63
3530,3530,Delivered,54,73
3531,3531,Delivered,36,39
3532,3532,Delivered,58,46
3533,3533,Delivered,42,25
3534,3534,Cancelled,0,182
3535,3535,Delivered,25,251
3536,3536,Cancelled,0,121
3537,3537,Out for Delivery,25,11
3538,3538,Delivered,23,153
3539,3539,Delivered,38,136
3540,3540,Delivered,66,279
3541,3541,Delivered,69,122
3542,3542,Delivered,71,62
3543,3543,Delivered,42,263
3544,3544,Out for Delivery,13,208
3545,3545,Delivered,63,166
3546,3546,Delivered,61,56
3547,3547,Delivered,60,146
3548,3548,Delivered,37,18
3549,3549,Delivered,50,168
3550,3550,Delivered,52,50
3551,3551,Cancelled,0,38
3552,3552,Delivered,44,100
3553,3553,Delivered,60,75
3554,3554,Delivered,55,275
3555,3555,Delivered,71,86
3556,3556,Delivered,60,152
3557,3557,Delivered,63,97
3558,3558,Delivered,46,232
3559,3559,Delivered,20,187
3560,3560,Delivered,21,76
3561,3561,Cancelled,0,125
3562,3562,Delivered,49,101
3563,3563,Delivered,74,262
3564,3564,Delivered,73,64
3565,3565,Cancelled,0,59
3566,3566,Delivered,57,182
3567,3567,Delivered,42,121
3568,3568,Delivered,38,50
3569,3569,Delivered,49,157
3570,3570,Delivered,43,150
3571,3571,Out for Delivery,14,11
3572,3572,Delivered,75,126
3573,3573,Delivered,63,78
3574,3574,Delivered,39,235
3575,3575,Delivered,59,135
3576,3576,Delivered,45,249
3577,3577,Delivered,53,210
3578,3578,Delivered,20,183
3579,3579,Delivered,63,67
3580,3580,Delivered,56,35
3581,3581,Delivered,51,201
3582,3582,Cancelled,0,184
3583,3583,Delivered,22,162
3584,3584,Delivered,43,126
3585,3585,Delivered,73,286
3586,3586,Delivered,25,154
3587,3587,Delivered,75,12
3588,3588,Delivered,48,117
3589,3589,Delivered,53,287
3590,3590,Delivered,68,207
3591,3591,Delivered,62,143
3592,3592,Delivered,74,209
3593,3593,Delivered,51,209
3594,3594,Delivered,54,54
3595,3595,Cancelled,0,180
3596,3596,Delivered,23,299
3597,3597,Delivered,51,22
3598,3598,Delivered,24,264
3599,3599,Cancelled,0,191
3600,3600,Delivered,58,79
3601,3601,Delivered,46,7
3602,3602,Delivered,39,37
3603,3603,Delivered,36,263
3604,3604,Delivered,35,33
3605,3605,Delivered,37,178
3606,3606,Delivered,64,199
3607,3607,Delivered,35,227
3608,3608,Delivered,22,163
3609,3609,Delivered,66,208
3610,3610,Delivered,23,90
3611,3611,Delivered,35,24
3612,3612,Delivered,70,7
3613,3613,Delivered,29,147
3614,3614,Delivered,57,218
3615,3615,Delivered,56,89
3616,3616,Delivered,64,234
3617,3617,Cancelled,0,73
3618,3618,Delivered,48,141
3619,3619,Out for Delivery,31,85
3620,3620,Delivered,74,214
3621,3621,Delivered,31,164
3622,3622,Cancelled,0,250
3623,3623,Out for Delivery,34,240
3624,3624,Cancelled,0,228
3625,3625,Delivered,24,58
3626,3626,Cancelled,0,277
3627,3627,Delivered,62,66
3628,3628,Delivered,48,68
3629,3629,Delivered,74,20
3630,3630,Cancelled,0,284
3631,3631,Delivered,24,10
3632,3632,Delivered,45,213
3633,3633,Delivered,75,182
3634,3634,Delivered,75,85
3635,3635,Delivered,25,87
3636,3636,Delivered,48,133
3637,3637,Delivered,31,300
3638,3638,Delivered,33,180
3639,3639,Delivered,41,228
3640,3640,Delivered,29,58
3641,3641,Delivered,30,179
3642,3642,Delivered,68,95
3643,3643,Delivered,33,270
3644,3644,Delivered,37,228
3645,3645,Delivered,69,187
3646,3646,Delivered,43,273
3647,3647,Delivered,32,142
3648,3648,Delivered,23,158
3649,3649,Delivered,39,162
3650,3650,Delivered,26,82
3651,3651,Delivered,62,221
3652,3652,Delivered,21,179
3653,3653,Delivered,36,84
3654,3654,Delivered,65,204
3655,3655,Cancelled,0,209
3656,3656,Out for Delivery,33,234
3657,3657,Delivered,48,185
3658,3658,Delivered,39,254
3659,3659,Delivered,69,228
3660,3660,Delivered,57,48
3661,3661,Delivered,26,147
3662,3662,Delivered,51,193
3663,3663,Delivered,51,288
3664,3664,Delivered,24,221
3665,3665,Delivered,28,93
3666,3666,Delivered,69,107
3667,3667,Delivered,51,68
3668,3668,Delivered,51,219
3669,3669,Delivered,66,149
3670,3670,Delivered,43,65
3671,3671,Delivered,51,24
3672,3672,Delivered,40,92
3673,3673,Delivered,59,29
3674,3674,Delivered,57,229
3675,3675,Delivered,55,108
3676,3676,Delivered,42,226
3677,3677,Delivered,63,69
3678,3678,Delivered,40,52
3679,3679,Delivered,36,253
3680,3680,Delivered,50,229
3681,3681,Delivered,21,73
3682,3682,Delivered,21,141
3683,3683,Delivered,73,120
3684,3684,Delivered,52,109
3685,3685,Delivered,30,293
3686,3686,Delivered,52,99
3687,3687,Delivered,22,158
3688,3688,Delivered,65,220
3689,3689,Out for Delivery,24,199
3690,3690,Delivered,73,85
3691,3691,Cancelled,0,39
3692,3692,Delivered,21,269
3693,3693,Delivered,33,71
3694,3694,Delivered,75,91
3695,3695,Delivered,27,191
3696,3696,Delivered,62,181
3697,3697,Delivered,44,17
3698,3698,Delivered,38,286
3699,3699,Delivered,20,20
3700,3700,Delivered,29,44
3701,3701,Delivered,68,64
3702,3702,Delivered,42,178
3703,3703,Delivered,48,119
3704,3704,Delivered,39,189
3705,3705,Delivered,53,72
3706,3706,Delivered,40,185
3707,3707,Delivered,47,247
3708,3708,Delivered,64,59
3709,3709,Delivered,37,225
3710,3710,Delivered,55,272
3711,3711,Delivered,35,164
3712,3712,Delivered,54,153
3713,3713,Delivered,40,289
3714,3714,Delivered,22,81
3715,3715,Delivered,44,217
3716,3716,Delivered,47,161
3717,3717,Out for Delivery,30,105
3718,3718,Delivered,22,290
3719,3719,Delivered,65,300
3720,3720,Delivered,74,47
3721,3721,Delivered,74,20
3722,3722,Delivered,66,276
3723,3723,Delivered,39,286
3724,3724,Delivered,27,171
3725,3725,Cancelled,0,125
3726,3726,Delivered,38,298
3727,3727,Delivered,37,11
3728,3728,Delivered,58,251
3729,3729,Delivered,21,88
3730,3730,Delivered,43,67
3731,3731,Delivered,58,112
3732,3732,Delivered,54,136
3733,3733,Delivered,44,74
3734,3734,Delivered,70,228
3735,3735,Delivered,58,297
3736,3736,Delivered,43,153
3737,3737,Delivered,68,83
3738,3738,Delivered,60,71
3739,3739,Delivered,26,17
3740,3740,Cancelled,0,80
3741,3741,Delivered,66,91
3742,3742,Delivered,60,200
3743,3743,Cancelled,0,83
3744,3744,Delivered,31,209
3745,3745,Delivered,20,140
3746,3746,Delivered,61,219
3747,3747,Delivered,40,290
3748,3748,Cancelled,0,105
3749,3749,Delivered,46,202
3750,3750,Delivered,38,23
3751,3751,Delivered,25,56
3752,3752,Delivered,58,241
3753,3753,Delivered,72,216
3754,3754,Delivered,65,35
3755,3755,Delivered,33,257
3756,3756,Out for Delivery,18,198
3757,3757,Out for Delivery,32,145
3758,3758,Delivered,39,270
3759,3759,Delivered,67,166
3760,3760,Delivered,30,116
3761,3761,Delivered,32,138
3762,3762,Delivered,59,47
3763,3763,Delivered,24,58
3764,3764,Delivered,63,25
3765,3765,Delivered,47,126
3766,3766,Delivered,24,278
3767,3767,Delivered,48,254
3768,3768,Delivered,48,188
3769,3769,Delivered,61,94
3770,3770,Delivered,30,114
3771,3771,Out for Delivery,35,23
3772,3772,Delivered,50,2
3773,3773,Cancelled,0,78
3774,3774,Out for Delivery,36,76
3775,3775,Delivered,31,217
3776,3776,Cancelled,0,276
3777,3777,Delivered,21,262
3778,3778,Delivered,38,164
3779,3779,Delivered,49,60
3780,3780,Delivered,35,259
3781,3781,Delivered,46,88
3782,3782,Delivered,31,209
3783,3783,Delivered,28,156
3784,3784,Delivered,74,152
3785,3785,Delivered,73,86
3786,3786,Delivered,47,180
3787,3787,Delivered,64,257
3788,3788,Delivered,39,235
3789,3789,Delivered,37,177
3790,3790,Delivered,26,263
3791,3791,Delivered,66,180
3792,3792,Cancelled,0,174
3793,3793,Delivered,28,183
3794,3794,Delivered,26,137
3795,3795,Delivered,27,88
3796,3796,Cancelled,0,269
3797,3797,Delivered,61,105
3798,3798,Delivered,69,144
3799,3799,Delivered,34,223
3800,3800,Delivered,27,18
3801,3801,Delivered,30,133
3802,3802,Delivered,67,67
3803,3803,Delivered,29,63
3804,3804,Delivered,32,197
3805,3805,Delivered,58,235
3806,3806,Delivered,38,26
3807,3807,Out for Delivery,19,187
3808,3808,Delivered,53,71
3809,3809,Delivered,62,274
3810,3810,Delivered,58,222
3811,3811,Delivered,37,293
3812,3812,Delivered,20,186
3813,3813,Delivered,26,237
3814,3814,Delivered,49,21
3815,3815,Delivered,20,210
3816,3816,Delivered,33,85
3817,3817,Delivered,69,86
3818,3818,Cancelled,0,255
3819,3819,Delivered,64,113
3820,3820,Delivered,30,33
3821,3821,Delivered,22,99
3822,3822,Cancelled,0,78
3823,3823,Delivered,66,45
3824,3824,Delivered,42,54
3825,3825,Delivered,23,125
3826,3826,Out for Delivery,31,190
3827,3827,Delivered,32,48
3828,3828,Delivered,61,85
3829,3829,Delivered,53,241
3830,3830,Delivered,39,7
3831,3831,Delivered,58,254
3832,3832,Delivered,29,60
3833,3833,Delivered,61,117
3834,3834,Delivered,21,150
3835,3835,Delivered,75,268
3836,3836,Out for Delivery,25,277
3837,3837,Delivered,21,168
3838,3838,Delivered,38,205
3839,3839,Delivered,56,236
3840,3840,Delivered,35,197
3841,3841,Out for Delivery,21,30
3842,3842,Delivered,43,29
3843,3843,Delivered,31,286
3844,3844,Delivered,54,214
3845,3845,Delivered,27,21
3846,3846,Delivered,69,133
3847,3847,Delivered,40,210
3848,3848,Delivered,25,29
3849,3849,Delivered,46,5
3850,3850,Delivered,46,134
3851,3851,Delivered,72,71
3852,3852,Delivered,54,132
3853,3853,Delivered,35,263
3854,3854,Delivered,41,141
3855,3855,Delivered,69,231
3856,3856,Cancelled,0,192
3857,3857,Delivered,31,52
3858,3858,Delivered,40,186
3859,3859,Delivered,58,24
3860,3860,Delivered,74,155
3861,3861,Delivered,40,225
3862,3862,Delivered,27,221
3863,3863,Delivered,59,184
3864,3864,Delivered,32,209
3865,3865,Delivered,34,227
3866,3866,Delivered,32,87
3867,3867,Delivered,43,9
3868,3868,Delivered,46,261
3869,3869,Delivered,60,52
3870,3870,Out for Delivery,26,257
3871,3871,Delivered,31,164
3872,3872,Delivered,40,208
3873,3873,Delivered,28,268
3874,3874,Delivered,36,191
3875,3875,Delivered,53,39
3876,3876,Delivered,27,125
3877,3877,Delivered,71,42
3878,3878,Delivered,41,214
3879,3879,Delivered,48,275
3880,3880,Delivered,25,93
3881,3881,Cancelled,0,117
3882,3882,Delivered,51,83
3883,3883,Out for Delivery,20,149
3884,3884,Out for Delivery,20,288
3885,3885,Delivered,27,73
3886,3886,Delivered,65,189
3887,3887,Delivered,46,119
3888,3888,Delivered,29,283
3889,3889,Cancelled,0,283
3890,3890,Cancelled,0,236
3891,3891,Cancelled,0,164
3892,3892,Delivered,38,45
3893,3893,Delivered,42,114
3894,3894,Out for Delivery,22,162
3895,3895,Delivered,40,261
3896,3896,Delivered,23,256
3897,3897,Delivered,51,1
3898,3898,Delivered,70,89
3899,3899,Delivered,69,144
3900,3900,Delivered,22,211
3901,3901,Delivered,75,102
3902,3902,Delivered,29,91
3903,3903,Out for Delivery,19,249
3904,3904,Delivered,65,218
3905,3905,Cancelled,0,105
3906,3906,Delivered,34,66
3907,3907,Delivered,70,197
3908,3908,Delivered,49,83
3909,3909,Delivered,64,74
3910,3910,Cancelled,0,65
3911,3911,Delivered,64,96
3912,3912,Delivered,58,168
3913,3913,Delivered,70,291
3914,3914,Delivered,25,14
3915,3915,Delivered,42,259
3916,3916,Delivered,40,119
3917,3917,Delivered,52,31
3918,3918,Delivered,24,7
3919,3919,Delivered,41,113
3920,3920,Out for Delivery,31,2
3921,3921,Delivered,34,15
3922,3922,Delivered,39,167
3923,3923,Out for Delivery,26,60
3924,3924,Delivered,52,91
3925,3925,Cancelled,0,146
3926,3926,Cancelled,0,294
3927,3927,Delivered,29,65
3928,3928,Delivered,56,94
3929,3929,Delivered,66,59
3930,3930,Delivered,27,240
3931,3931,Delivered,23,276
3932,3932,Delivered,20,130
3933,3933,Cancelled,0,244
3934,3934,Out for Delivery,18,237
3935,3935,Delivered,26,33
3936,3936,Delivered,34,132
3937,3937,Delivered,30,46
3938,3938,Delivered,68,173
3939,3939,Delivered,30,4
3940,3940,Delivered,52,266
3941,3941,Delivered,42,106
3942,3942,Delivered,26,47
3943,3943,Delivered,73,106
3944,3944,Cancelled,0,141
3945,3945,Delivered,72,77
3946,3946,Cancelled,0,209
3947,3947,Delivered,74,51
3948,3948,Cancelled,0,148
3949,3949,Delivered,54,230
3950,3950,Delivered,69,274
3951,3951,Delivered,52,254
3952,3952,Delivered,35,157
3953,3953,Delivered,26,183
3954,3954,Delivered,60,14
3955,3955,Delivered,61,129
3956,3956,Delivered,45,279
3957,3957,Delivered,71,97
3958,3958,Delivered,67,58
3959,3959,Delivered,54,264
3960,3960,Delivered,52,126
3961,3961,Delivered,66,173
3962,3962,Delivered,33,93
3963,3963,Delivered,44,224
3964,3964,Delivered,62,48
3965,3965,Delivered,28,98
3966,3966,Delivered,31,203
3967,3967,Delivered,68,165
3968,3968,Delivered,26,144
3969,3969,Delivered,29,146
3970,3970,Delivered,48,64
3971,3971,Delivered,22,280
3972,3972,Delivered,33,23
3973,3973,Delivered,59,193
3974,3974,Delivered,33,55
3975,3975,Delivered,46,296
3976,3976,Delivered,64,224
3977,3977,Delivered,44,226
3978,3978,Out for Delivery,27,251
3979,3979,Delivered,56,102
3980,3980,Delivered,33,258
3981,3981,Delivered,42,216
3982,3982,Delivered,27,39
3983,3983,Delivered,42,285
3984,3984,Delivered,60,293
3985,3985,Delivered,66,30
3986,3986,Delivered,71,279
3987,3987,Delivered,54,140
3988,3988,Delivered,47,242
3989,3989,Delivered,39,117
3990,3990,Delivered,21,275
3991,3991,Delivered,25,153
3992,3992,Delivered,37,152
3993,3993,Delivered,35,241
3994,3994,Delivered,24,147
3995,3995,Delivered,54,273
3996,3996,Delivered,62,65
3997,3997,Delivered,44,135
3998,3998,Delivered,53,172
3999,3999,Delivered,64,114
4000,4000,Delivered,32,10
4001,4001,Delivered,64,144
4002,4002,Delivered,56,159
4003,4003,Delivered,20,246
4004,4004,Cancelled,0,158
4005,4005,Delivered,51,252
4006,4006,Delivered,44,115
4007,4007,Delivered,75,280
4008,4008,Delivered,35,290
4009,4009,Delivered,65,77
4010,4010,Delivered,51,41
4011,4011,Delivered,67,102
4012,4012,Delivered,67,129
4013,4013,Delivered,40,95
4014,4014,Delivered,28,14
4015,4015,Cancelled,0,15
4016,4016,Delivered,26,266
4017,4017,Delivered,48,93
4018,4018,Delivered,43,208
4019,4019,Cancelled,0,11
4020,4020,Delivered,40,188
4021,4021,Out for Delivery,30,24
4022,4022,Delivered,37,3
4023,4023,Delivered,64,63
4024,4024,Delivered,56,175
4025,4025,Delivered,75,94
4026,4026,Delivered,75,90
4027,4027,Delivered,55,178
4028,4028,Delivered,63,253
4029,4029,Delivered,55,297
4030,4030,Delivered,38,280
4031,4031,Delivered,40,202
4032,4032,Delivered,55,98
4033,4033,Delivered,26,186
4034,4034,Delivered,43,148
4035,4035,Delivered,29,4
4036,4036,Delivered,28,92
4037,4037,Delivered,43,69
4038,4038,Delivered,53,242
4039,4039,Delivered,25,255
4040,4040,Delivered,43,163
4041,4041,Delivered,63,38
4042,4042,Cancelled,0,177
4043,4043,Delivered,29,273
4044,4044,Delivered,20,210
4045,4045,Delivered,23,204
4046,4046,Cancelled,0,131
4047,4047,Delivered,67,232
4048,4048,Delivered,21,125
4049,4049,Delivered,34,238
4050,4050,Out for Delivery,30,1
4051,4051,Delivered,24,158
4052,4052,Delivered,52,242
4053,4053,Cancelled,0,60
4054,4054,Delivered,71,18
4055,4055,Delivered,48,104
4056,4056,Delivered,66,28
4057,4057,Delivered,73,37
4058,4058,Delivered,42,44
4059,4059,Delivered,42,12
4060,4060,Delivered,66,157
4061,4061,Delivered,62,185
4062,4062,Delivered,24,96
4063,4063,Delivered,30,79
4064,4064,Delivered,54,152
4065,4065,Out for Delivery,39,26
4066,4066,Delivered,52,200
4067,4067,Delivered,47,39
4068,4068,Delivered,43,257
4069,4069,Delivered,46,59
4070,4070,Delivered,30,45
4071,4071,Delivered,74,148
4072,4072,Delivered,36,128
4073,4073,Delivered,24,31
4074,4074,Delivered,22,87
4075,4075,Delivered,68,15
4076,4076,Delivered,39,44
4077,4077,Delivered,27,54
4078,4078,Delivered,36,261
4079,4079,Delivered,74,31
4080,4080,Delivered,38,21
4081,4081,Delivered,54,13
4082,4082,Delivered,41,85
4083,4083,Delivered,57,194
4084,4084,Delivered,36,60
4085,4085,Delivered,72,99
4086,4086,Delivered,58,203
4087,4087,Delivered,56,129
4088,4088,Delivered,66,155
4089,4089,Out for Delivery,12,242
4090,4090,Delivered,61,150
4091,4091,Delivered,63,261
4092,4092,Delivered,24,103
4093,4093,Delivered,58,113
4094,4094,Delivered,42,154
4095,4095,Out for Delivery,39,120
4096,4096,Delivered,72,76
4097,4097,Delivered,72,300
4098,4098,Delivered,29,194
4099,4099,Delivered,69,120
4100,4100,Delivered,65,118
4101,4101,Delivered,48,213
4102,4102,Delivered,27,172
4103,4103,Delivered,51,72
4104,4104,Delivered,34,300
4105,4105,Cancelled,0,279
4106,4106,Delivered,75,37
4107,4107,Delivered,61,158
4108,4108,Delivered,36,93
4109,4109,Delivered,30,219
4110,4110,Cancelled,0,252
4111,4111,Delivered,51,296
4112,4112,Delivered,46,159
4113,4113,Out for Delivery,10,87
4114,4114,Delivered,63,201
4115,4115,Delivered,31,143
4116,4116,Delivered,24,9
4117,4117,Delivered,38,126
4118,4118,Delivered,49,193
4119,4119,Delivered,52,200
4120,4120,Delivered,71,2
4121,4121,Delivered,23,174
4122,4122,Delivered,36,52
4123,4123,Delivered,47,280
4124,4124,Delivered,24,251
4125,4125,Delivered,56,219
4126,4126,Delivered,59,122
4127,4127,Out for Delivery,12,270
4128,4128,Delivered,41,182
4129,4129,Delivered,42,165
4130,4130,Delivered,54,250
4131,4131,Cancelled,0,234
4132,4132,Delivered,37,47
4133,4133,Delivered,25,196
4134,4134,Delivered,72,147
4135,4135,Delivered,35,252
4136,4136,Delivered,43,19
4137,4137,Delivered,21,99
4138,4138,Delivered,29,52
4139,4139,Delivered,61,93
4140,4140,Delivered,22,171
4141,4141,Cancelled,0,205
4142,4142,Delivered,32,205
4143,4143,Delivered,74,204
4144,4144,Delivered,40,137
4145,4145,Delivered,55,47
4146,4146,Delivered,57,177
4147,4147,Delivered,74,101
4148,4148,Delivered,52,193
4149,4149,Delivered,21,30
4150,4150,Delivered,54,292
4151,4151,Cancelled,0,53
4152,4152,Delivered,27,67
4153,4153,Delivered,69,103
4154,4154,Delivered,41,142
4155,4155,Delivered,57,242
4156,4156,Delivered,75,76
4157,4157,Delivered,60,256
4158,4158,Delivered,22,73
4159,4159,Delivered,41,112
4160,4160,Delivered,38,56
4161,4161,Cancelled,0,281
4162,4162,Delivered,47,285
4163,4163,Delivered,61,247
4164,4164,Out for Delivery,26,56
4165,4165,Delivered,65,127
4166,4166,Delivered,42,116
4167,4167,Delivered,56,119
4168,4168,Delivered,57,192
4169,4169,Delivered,45,227
4170,4170,Delivered,38,12
4171,4171,Delivered,62,158
4172,4172,Delivered,46,227
4173,4173,Delivered,45,237
4174,4174,Delivered,52,143
4175,4175,Delivered,57,31
4176,4176,Delivered,71,252
4177,4177,Delivered,53,135
4178,4178,Delivered,30,267
4179,4179,Delivered,56,184
4180,4180,Delivered,30,183
4181,4181,Delivered,37,300
4182,4182,Delivered,40,216
4183,4183,Delivered,50,230
4184,4184,Delivered,60,77
4185,4185,Delivered,36,273
4186,4186,Delivered,36,256
4187,4187,Delivered,63,77
4188,4188,Delivered,57,209
4189,4189,Delivered,42,27
4190,4190,Delivered,71,83
4191,4191,Cancelled,0,80
4192,4192,Cancelled,0,49
4193,4193,Delivered,38,74
4194,4194,Delivered,60,239
4195,4195,Delivered,66,7
4196,4196,Delivered,68,197
4197,4197,Delivered,74,53
4198,4198,Delivered,68,160
4199,4199,Delivered,24,102
4200,4200,Delivered,40,276
4201,4201,Delivered,47,251
4202,4202,Delivered,39,142
4203,4203,Delivered,58,79
4204,4204,Delivered,61,82
4205,4205,Out for Delivery,25,73
4206,4206,Delivered,60,172
4207,4207,Delivered,38,105
4208,4208,Delivered,34,53
4209,4209,Delivered,30,286
4210,4210,Delivered,65,238
4211,4211,Delivered,49,212
4212,4212,Delivered,73,267
4213,4213,Delivered,46,213
4214,4214,Delivered,71,22
4215,4215,Delivered,49,293
4216,4216,Delivered,74,24
4217,4217,Delivered,61,157
4218,4218,Delivered,31,109
4219,4219,Delivered,55,97
4220,4220,Delivered,29,51
4221,4221,Delivered,40,151
4222,4222,Delivered,25,133
4223,4223,Delivered,30,182
4224,4224,Delivered,59,274
4225,4225,Delivered,27,144
4226,4226,Delivered,41,185
4227,4227,Delivered,34,111
4228,4228,Cancelled,0,109
4229,4229,Delivered,41,159
4230,4230,Delivered,67,45
4231,4231,Delivered,48,225
4232,4232,Delivered,54,238
4233,4233,Delivered,55,186
4234,4234,Delivered,75,213
4235,4235,Delivered,25,51
4236,4236,Delivered,25,179
4237,4237,Delivered,60,91
4238,4238,Delivered,42,47
4239,4239,Delivered,65,224
4240,4240,Delivered,39,218
4241,4241,Delivered,60,59
4242,4242,Delivered,34,124
4243,4243,Delivered,43,115
4244,4244,Delivered,41,94
4245,4245,Delivered,55,179
4246,4246,Delivered,25,279
4247,4247,Delivered,21,208
4248,4248,Delivered,54,121
4249,4249,Delivered,28,167
4250,4250,Delivered,29,277
4251,4251,Delivered,22,231
4252,4252,Delivered,53,236
4253,4253,Delivered,26,135
4254,4254,Cancelled,0,287
4255,4255,Delivered,20,26
4256,4256,Delivered,46,108
4257,4257,Delivered,74,221
4258,4258,Delivered,55,21
4259,4259,Delivered,73,10
4260,4260,Delivered,48,256
4261,4261,Delivered,51,71
4262,4262,Cancelled,0,115
4263,4263,Delivered,25,272
4264,4264,Delivered,27,38
4265,4265,Delivered,27,76
4266,4266,Delivered,23,97
4267,4267,Delivered,55,119
4268,4268,Delivered,37,200
4269,4269,Delivered,47,297
4270,4270,Delivered,75,176
4271,4271,Delivered,58,160
4272,4272,Delivered,69,185
4273,4273,Delivered,56,50
4274,4274,Delivered,49,37
4275,4275,Out for Delivery,14,106
4276,4276,Delivered,66,6
4277,4277,Delivered,41,51
4278,4278,Delivered,66,41
4279,4279,Delivered,37,273
4280,4280,Delivered,56,158
4281,4281,Delivered,71,253
4282,4282,Delivered,21,70
4283,4283,Delivered,38,146
4284,4284,Out for Delivery,26,50
4285,4285,Delivered,52,175
4286,4286,Delivered,41,109
4287,4287,Delivered,48,12
4288,4288,Delivered,51,134
4289,4289,Delivered,66,16
4290,4290,Delivered,20,63
4291,4291,Delivered,74,203
4292,4292,Delivered,38,202
4293,4293,Delivered,63,118
4294,4294,Delivered,73,39
4295,4295,Delivered,69,257
4296,4296,Delivered,57,12
4297,4297,Delivered,38,212
4298,4298,Cancelled,0,124
4299,4299,Delivered,27,58
4300,4300,Delivered,24,62
4301,4301,Delivered,40,224
4302,4302,Delivered,51,294
4303,4303,Delivered,52,291
4304,4304,Delivered,52,254
4305,4305,Delivered,34,238
4306,4306,Delivered,25,188
4307,4307,Delivered,22,141
4308,4308,Delivered,63,41
4309,4309,Delivered,25,282
4310,4310,Delivered,50,254
4311,4311,Delivered,72,120
4312,4312,Cancelled,0,202
4313,4313,Delivered,25,167
4314,4314,Delivered,60,176
4315,4315,Delivered,41,223
4316,4316,Out for Delivery,18,200
4317,4317,Delivered,68,120
4318,4318,Delivered,57,222
4319,4319,Cancelled,0,207
4320,4320,Delivered,66,167
4321,4321,Delivered,41,185
4322,4322,Delivered,56,66
4323,4323,Out for Delivery,34,286
4324,4324,Delivered,74,175
4325,4325,Delivered,41,60
4326,4326,Cancelled,0,70
4327,4327,Delivered,75,73
4328,4328,Out for Delivery,29,192
4329,4329,Delivered,47,121
4330,4330,Out for Delivery,10,269
4331,4331,Delivered,43,198
4332,4332,Delivered,73,180
4333,4333,Delivered,60,243
4334,4334,Delivered,56,34
4335,4335,Cancelled,0,16
4336,4336,Delivered,52,205
4337,4337,Delivered,67,265
4338,4338,Delivered,32,48
4339,4339,Cancelled,0,167
4340,4340,Out for Delivery,25,102
4341,4341,Delivered,24,150
4342,4342,Delivered,51,160
4343,4343,Delivered,45,212
4344,4344,Delivered,50,215
4345,4345,Delivered,21,80
4346,4346,Delivered,57,160
4347,4347,Delivered,27,178
4348,4348,Delivered,69,125
4349,4349,Delivered,25,162
4350,4350,Delivered,70,272
4351,4351,Delivered,59,102
4352,4352,Delivered,36,79
4353,4353,Delivered,63,265
4354,4354,Delivered,33,246
4355,4355,Delivered,59,186
4356,4356,Delivered,26,170
4357,4357,Delivered,44,60
4358,4358,Delivered,64,94
4359,4359,Delivered,60,39
4360,4360,Delivered,53,175
4361,4361,Delivered,28,4
4362,4362,Delivered,54,253
4363,4363,Delivered,24,290
4364,4364,Delivered,23,120
4365,4365,Delivered,37,151
4366,4366,Delivered,68,78
4367,4367,Delivered,45,1
4368,4368,Delivered,30,12
4369,4369,Delivered,49,74
4370,4370,Out for Delivery,15,235
4371,4371,Cancelled,0,39
4372,4372,Delivered,35,297
4373,4373,Out for Delivery,15,12
4374,4374,Delivered,52,134
4375,4375,Delivered,24,163
4376,4376,Delivered,73,123
4377,4377,Delivered,45,40
4378,4378,Delivered,41,186
4379,4379,Delivered,63,49
4380,4380,Delivered,45,148
4381,4381,Delivered,24,191
4382,4382,Delivered,34,197
4383,4383,Delivered,46,8
4384,4384,Delivered,67,231
4385,4385,Delivered,24,84
4386,4386,Out for Delivery,17,22
4387,4387,Delivered,39,274
4388,4388,Delivered,60,182
4389,4389,Delivered,58,296
4390,4390,Delivered,54,294
4391,4391,Out for Delivery,19,300
4392,4392,Delivered,57,169
4393,4393,Delivered,48,230
4394,4394,Delivered,59,245
4395,4395,Delivered,47,29
4396,4396,Delivered,59,181
4397,4397,Delivered,72,12
4398,4398,Delivered,68,290
4399,4399,Delivered,60,62
4400,4400,Delivered,20,274
4401,4401,Delivered,32,54
4402,4402,Cancelled,0,271
4403,4403,Delivered,74,297
4404,4404,Delivered,53,123
4405,4405,Delivered,49,37
4406,4406,Delivered,71,200
4407,4407,Delivered,52,11
4408,4408,Delivered,26,219
4409,4409,Delivered,64,170
4410,4410,Delivered,32,147
4411,4411,Delivered,33,160
4412,4412,Delivered,40,150
4413,4413,Delivered,27,228
4414,4414,Delivered,50,240
4415,4415,Out for Delivery,33,17
4416,4416,Delivered,26,232
4417,4417,Delivered,24,272
4418,4418,Delivered,46,121
4419,4419,Delivered,50,17
4420,4420,Cancelled,0,177
4421,4421,Cancelled,0,226
4422,4422,Delivered,25,63
4423,4423,Cancelled,0,6
4424,4424,Delivered,64,256
4425,4425,Out for Delivery,38,118
4426,4426,Out for Delivery,38,151
4427,4427,Delivered,34,252
4428,4428,Delivered,44,293
4429,4429,Delivered,24,172
4430,4430,Delivered,46,218
4431,4431,Delivered,73,242
4432,4432,Delivered,33,97
4433,4433,Delivered,72,19
4434,4434,Out for Delivery,37,148
4435,4435,Delivered,67,19
4436,4436,Delivered,73,224
4437,4437,Cancelled,0,38
4438,4438,Delivered,43,199
4439,4439,Delivered,49,101
4440,4440,Delivered,38,18
4441,4441,Delivered,50,261
4442,4442,Cancelled,0,291
4443,4443,Delivered,75,21
4444,4444,Delivered,31,180
4445,4445,Out for Delivery,37,62
4446,4446,Delivered,24,215
4447,4447,Delivered,41,19
4448,4448,Cancelled,0,15
4449,4449,Delivered,29,17
4450,4450,Delivered,31,109
4451,4451,Delivered,35,121
4452,4452,Delivered,39,120
4453,4453,Delivered,40,265
4454,4454,Delivered,60,18
4455,4455,Delivered,67,252
4456,4456,Delivered,40,259
4457,4457,Delivered,39,34
4458,4458,Delivered,22,238
4459,4459,Delivered,66,210
4460,4460,Delivered,50,18
4461,4461,Delivered,70,93
4462,4462,Delivered,72,285
4463,4463,Delivered,53,73
4464,4464,Cancelled,0,163
4465,4465,Delivered,59,272
4466,4466,Delivered,42,201
4467,4467,Delivered,45,155
4468,4468,Delivered,48,250
4469,4469,Delivered,58,118
4470,4470,Delivered,44,64
4471,4471,Delivered,42,178
4472,4472,Delivered,74,63
4473,4473,Delivered,59,134
4474,4474,Delivered,34,43
4475,4475,Out for Delivery,21,277
4476,4476,Cancelled,0,17
4477,4477,Out for Delivery,32,29
4478,4478,Delivered,43,281
4479,4479,Delivered,60,240
4480,4480,Delivered,35,300
4481,4481,Cancelled,0,250
4482,4482,Delivered,40,240
4483,4483,Delivered,23,14
4484,4484,Delivered,46,39
4485,4485,Delivered,37,17
4486,4486,Delivered,74,178
4487,4487,Delivered,42,148
4488,4488,Delivered,52,81
4489,4489,Delivered,75,45
4490,4490,Delivered,32,56
4491,4491,Delivered,29,290
4492,4492,Cancelled,0,247
4493,4493,Delivered,31,159
4494,4494,Delivered,54,269
4495,4495,Delivered,63,114
4496,4496,Delivered,57,25
4497,4497,Delivered,26,297
4498,4498,Delivered,62,35
4499,4499,Delivered,56,135
4500,4500,Delivered,44,63
4501,4501,Delivered,45,164
4502,4502,Delivered,34,36
4503,4503,Delivered,65,190
4504,4504,Delivered,28,45
4505,4505,Delivered,34,189
4506,4506,Delivered,33,80
4507,4507,Delivered,59,185
4508,4508,Delivered,36,260
4509,4509,Delivered,66,214
4510,4510,Delivered,26,178
4511,4511,Delivered,41,197
4512,4512,Delivered,54,138
4513,4513,Delivered,57,277
4514,4514,Delivered,59,288
4515,4515,Delivered,44,55
4516,4516,Delivered,27,281
4517,4517,Delivered,22,199
4518,4518,Out for Delivery,11,70
4519,4519,Delivered,53,171
4520,4520,Delivered,62,108
4521,4521,Delivered,24,100
4522,4522,Delivered,30,190
4523,4523,Delivered,75,139
4524,4524,Delivered,39,81
4525,4525,Out for Delivery,19,298
4526,4526,Delivered,27,269
4527,4527,Delivered,70,38
4528,4528,Delivered,43,257
4529,4529,Delivered,66,182
4530,4530,Delivered,47,286
4531,4531,Delivered,40,217
4532,4532,Delivered,65,109
4533,4533,Delivered,66,189
4534,4534,Delivered,48,88
4535,4535,Delivered,20,112
4536,4536,Delivered,30,7
4537,4537,Delivered,60,133
4538,4538,Delivered,20,10
4539,4539,Delivered,59,125
4540,4540,Delivered,32,167
4541,4541,Delivered,64,187
4542,4542,Delivered,26,21
4543,4543,Out for Delivery,22,201
4544,4544,Delivered,59,293
4545,4545,Delivered,45,138
4546,4546,Delivered,51,209
4547,4547,Delivered,32,184
4548,4548,Delivered,25,246
4549,4549,Cancelled,0,25
4550,4550,Delivered,36,89
4551,4551,Delivered,50,12
4552,4552,Cancelled,0,217
4553,4553,Delivered,66,247
4554,4554,Delivered,69,256
4555,4555,Delivered,54,268
4556,4556,Delivered,49,129
4557,4557,Delivered,54,115
4558,4558,Delivered,74,267
4559,4559,Delivered,43,212
4560,4560,Delivered,46,209
4561,4561,Delivered,42,34
4562,4562,Delivered,29,170
4563,4563,Delivered,65,84
4564,4564,Delivered,75,282
4565,4565,Delivered,24,137
4566,4566,Delivered,66,53
4567,4567,Delivered,30,264
4568,4568,Delivered,25,178
4569,4569,Delivered,27,46
4570,4570,Delivered,30,163
4571,4571,Delivered,53,44
4572,4572,Delivered,55,292
4573,4573,Delivered,59,99
4574,4574,Delivered,73,41
4575,4575,Delivered,35,287
4576,4576,Delivered,66,86
4577,4577,Delivered,40,122
4578,4578,Delivered,33,219
4579,4579,Delivered,58,114
4580,4580,Delivered,25,26
4581,4581,Delivered,32,266
4582,4582,Delivered,74,68
4583,4583,Delivered,55,87
4584,4584,Delivered,72,158
4585,4585,Delivered,54,4
4586,4586,Delivered,75,78
4587,4587,Delivered,57,211
4588,4588,Delivered,26,149
4589,4589,Delivered,66,139
4590,4590,Delivered,30,201
4591,4591,Cancelled,0,191
4592,4592,Out for Delivery,11,23
4593,4593,Delivered,26,286
4594,4594,Delivered,56,97
4595,4595,Delivered,49,246
4596,4596,Delivered,25,31
4597,4597,Delivered,68,240
4598,4598,Delivered,51,28
4599,4599,Delivered,29,292
4600,4600,Delivered,71,62
4601,4601,Delivered,31,20
4602,4602,Delivered,26,45
4603,4603,Delivered,35,92
4604,4604,Delivered,61,102
4605,4605,Delivered,75,125
4606,4606,Delivered,46,31
4607,4607,Delivered,35,29
4608,4608,Out for Delivery,26,256
4609,4609,Delivered,23,176
4610,4610,Delivered,28,64
4611,4611,Delivered,58,59
4612,4612,Delivered,47,58
4613,4613,Delivered,20,130
4614,4614,Out for Delivery,33,140
4615,4615,Delivered,70,232
4616,4616,Delivered,26,56
4617,4617,Delivered,70,269
4618,4618,Delivered,59,223
4619,4619,Delivered,56,259
4620,4620,Delivered,25,52
4621,4621,Delivered,73,40
4622,4622,Delivered,36,116
4623,4623,Delivered,26,267
4624,4624,Out for Delivery,28,288
4625,4625,Delivered,24,234
4626,4626,Delivered,66,27
4627,4627,Delivered,60,84
4628,4628,Cancelled,0,39
4629,4629,Delivered,43,270
4630,4630,Delivered,57,71
4631,4631,Delivered,43,191
4632,4632,Delivered,36,117
4633,4633,Delivered,61,171
4634,4634,Delivered,74,257
4635,4635,Delivered,63,258
4636,4636,Delivered,53,259
4637,4637,Delivered,75,255
4638,4638,Delivered,49,162
4639,4639,Delivered,55,300
4640,4640,Out for Delivery,37,296
4641,4641,Cancelled,0,148
4642,4642,Delivered,33,239
4643,4643,Delivered,61,271
4644,4644,Delivered,64,288
4645,4645,Delivered,65,112
4646,4646,Delivered,40,20
4647,4647,Delivered,42,138
4648,4648,Delivered,46,123
4649,4649,Delivered,20,227
4650,4650,Delivered,54,21
4651,4651,Delivered,39,92
4652,4652,Out for Delivery,37,195
4653,4653,Delivered,61,266
4654,4654,Delivered,23,60
4655,4655,Delivered,66,156
4656,4656,Delivered,22,2
4657,4657,Delivered,43,161
4658,4658,Delivered,21,78
4659,4659,Cancelled,0,112
4660,4660,Delivered,64,183
4661,4661,Delivered,44,223
4662,4662,Delivered,47,208
4663,4663,Cancelled,0,292
4664,4664,Delivered,72,150
4665,4665,Delivered,59,9
4666,4666,Delivered,49,230
4667,4667,Delivered,49,264
4668,4668,Out for Delivery,11,185
4669,4669,Delivered,45,28
4670,4670,Delivered,51,183
4671,4671,Delivered,45,259
4672,4672,Delivered,21,184
4673,4673,Delivered,29,14
4674,4674,Out for Delivery,18,70
4675,4675,Delivered,36,142
4676,4676,Delivered,36,17
4677,4677,Delivered,65,270
4678,4678,Delivered,28,265
4679,4679,Delivered,50,195
4680,4680,Delivered,54,36
4681,4681,Delivered,58,120
4682,4682,Delivered,35,200
4683,4683,Delivered,35,144
4684,4684,Delivered,38,232
4685,4685,Delivered,41,69
4686,4686,Delivered,57,182
4687,4687,Delivered,29,120
4688,4688,Cancelled,0,95
4689,4689,Delivered,34,176
4690,4690,Delivered,55,120
4691,4691,Delivered,48,189
4692,4692,Delivered,61,117
4693,4693,Delivered,74,144
4694,4694,Delivered,56,222
4695,4695,Delivered,72,116
4696,4696,Delivered,44,24
4697,4697,Delivered,34,243
4698,4698,Delivered,65,106
4699,4699,Delivered,40,249
4700,4700,Delivered,67,286
4701,4701,Delivered,33,89
4702,4702,Delivered,61,129
4703,4703,Delivered,53,219
4704,4704,Delivered,32,254
4705,4705,Delivered,32,25
4706,4706,Delivered,75,249
4707,4707,Delivered,50,66
4708,4708,Out for Delivery,30,159
4709,4709,Delivered,30,7
4710,4710,Delivered,64,297
4711,4711,Delivered,30,151
4712,4712,Delivered,52,74
4713,4713,Delivered,54,24
4714,4714,Delivered,44,121
4715,4715,Delivered,74,113
4716,4716,Delivered,39,61
4717,4717,Delivered,62,146
4718,4718,Delivered,48,219
4719,4719,Out for Delivery,17,66
4720,4720,Delivered,38,197
4721,4721,Delivered,50,76
4722,4722,Delivered,26,154
4723,4723,Delivered,51,298
4724,4724,Delivered,52,126
4725,4725,Delivered,35,172
4726,4726,Delivered,40,24
4727,4727,Delivered,70,251
4728,4728,Delivered,62,89
4729,4729,Delivered,74,232
4730,4730,Delivered,73,165
4731,4731,Delivered,63,143
4732,4732,Delivered,52,165
4733,4733,Delivered,36,68
4734,4734,Delivered,66,269
4735,4735,Delivered,64,195
4736,4736,Delivered,56,289
4737,4737,Delivered,22,170
4738,4738,Delivered,58,28
4739,4739,Delivered,72,30
4740,4740,Delivered,75,295
4741,4741,Delivered,27,13
4742,4742,Delivered,50,130
4743,4743,Delivered,27,160
4744,4744,Delivered,55,40
4745,4745,Out for Delivery,16,160
4746,4746,Cancelled,0,151
4747,4747,Delivered,43,52
4748,4748,Cancelled,0,90
4749,4749,Delivered,32,293
4750,4750,Delivered,32,117
4751,4751,Delivered,46,117
4752,4752,Cancelled,0,278
4753,4753,Cancelled,0,179
4754,4754,Delivered,43,24
4755,4755,Delivered,34,31
4756,4756,Delivered,50,33
4757,4757,Delivered,67,251
4758,4758,Delivered,57,31
4759,4759,Out for Delivery,40,294
4760,4760,Delivered,35,7
4761,4761,Delivered,50,84
4762,4762,Delivered,73,145
4763,4763,Out for Delivery,38,298
4764,4764,Delivered,58,49
4765,4765,Delivered,25,222
4766,4766,Cancelled,0,263
4767,4767,Delivered,73,93
4768,4768,Delivered,39,84
4769,4769,Out for Delivery,16,275
4770,4770,Delivered,20,38
4771,4771,Delivered,47,120
4772,4772,Out for Delivery,40,111
4773,4773,Delivered,64,239
4774,4774,Delivered,26,272
4775,4775,Delivered,26,67
4776,4776,Delivered,20,220
4777,4777,Delivered,29,82
4778,4778,Delivered,75,94
4779,4779,Delivered,38,131
4780,4780,Delivered,67,53
4781,4781,Delivered,26,129
4782,4782,Delivered,35,151
4783,4783,Delivered,36,162
4784,4784,Delivered,53,146
4785,4785,Delivered,53,20
4786,4786,Delivered,43,243
4787,4787,Delivered,33,180
4788,4788,Delivered,73,191
4789,4789,Delivered,45,233
4790,4790,Delivered,72,35
4791,4791,Cancelled,0,279
4792,4792,Cancelled,0,293
4793,4793,Delivered,70,183
4794,4794,Delivered,49,176
4795,4795,Delivered,68,91
4796,4796,Delivered,28,62
4797,4797,Cancelled,0,257
4798,4798,Delivered,59,55
4799,4799,Cancelled,0,223
4800,4800,Cancelled,0,197
4801,4801,Cancelled,0,91
4802,4802,Delivered,45,285
4803,4803,Delivered,59,284
4804,4804,Delivered,72,148
4805,4805,Delivered,53,164
4806,4806,Delivered,50,282
4807,4807,Delivered,70,39
4808,4808,Delivered,63,28
4809,4809,Cancelled,0,266
4810,4810,Out for Delivery,15,17
4811,4811,Delivered,58,288
4812,4812,Delivered,44,33
4813,4813,Delivered,57,184
4814,4814,Delivered,45,266
4815,4815,Delivered,22,296
4816,4816,Delivered,59,117
4817,4817,Delivered,35,69
4818,4818,Delivered,36,182
4819,4819,Delivered,23,258
4820,4820,Delivered,41,16
4821,4821,Delivered,36,76
4822,4822,Delivered,26,294
4823,4823,Delivered,71,18
4824,4824,Delivered,35,46
4825,4825,Delivered,38,267
4826,4826,Delivered,68,181
4827,4827,Cancelled,0,117
4828,4828,Cancelled,0,59
4829,4829,Delivered,72,203
4830,4830,Delivered,24,11
4831,4831,Delivered,37,135
4832,4832,Delivered,33,280
4833,4833,Delivered,46,68
4834,4834,Delivered,68,275
4835,4835,Delivered,61,16
4836,4836,Delivered,27,148
4837,4837,Delivered,31,157
4838,4838,Delivered,60,290
4839,4839,Delivered,35,118
4840,4840,Delivered,26,2
4841,4841,Out for Delivery,23,230
4842,4842,Delivered,34,132
4843,4843,Delivered,52,138
4844,4844,Delivered,44,29
4845,4845,Delivered,35,186
4846,4846,Delivered,37,65
4847,4847,Delivered,56,60
4848,4848,Delivered,44,271
4849,4849,Cancelled,0,49
4850,4850,Cancelled,0,19
4851,4851,Delivered,69,111
4852,4852,Delivered,57,90
4853,4853,Delivered,68,62
4854,4854,Delivered,49,124
4855,4855,Delivered,50,106
4856,4856,Delivered,47,119
4857,4857,Delivered,42,154
4858,4858,Cancelled,0,1
4859,4859,Delivered,25,221
4860,4860,Delivered,74,283
4861,4861,Delivered,26,298
4862,4862,Delivered,20,211
4863,4863,Cancelled,0,11
4864,4864,Delivered,57,38
4865,4865,Delivered,64,76
4866,4866,Delivered,24,122
4867,4867,Delivered,68,253
4868,4868,Delivered,43,276
4869,4869,Delivered,60,72
4870,4870,Delivered,39,280
4871,4871,Delivered,21,79
4872,4872,Delivered,32,17
4873,4873,Delivered,59,99
4874,4874,Delivered,49,121
4875,4875,Cancelled,0,207
4876,4876,Delivered,34,8
4877,4877,Delivered,58,242
4878,4878,Delivered,50,189
4879,4879,Delivered,29,151
4880,4880,Delivered,25,174
4881,4881,Delivered,24,218
4882,4882,Delivered,41,117
4883,4883,Delivered,70,7
4884,4884,Delivered,50,142
4885,4885,Delivered,62,141
4886,4886,Delivered,49,186
4887,4887,Delivered,39,256
4888,4888,Delivered,26,104
4889,4889,Delivered,50,259
4890,4890,Delivered,56,247
4891,4891,Delivered,31,229
4892,4892,Delivered,21,173
4893,4893,Delivered,31,146
4894,4894,Delivered,26,237
4895,4895,Delivered,67,108
4896,4896,Delivered,51,169
4897,4897,Delivered,24,160
4898,4898,Delivered,43,189
4899,4899,Cancelled,0,215
4900,4900,Delivered,53,78
4901,4901,Out for Delivery,31,264
4902,4902,Cancelled,0,91
4903,4903,Delivered,74,36
4904,4904,Delivered,40,284
4905,4905,Delivered,62,139
4906,4906,Delivered,36,29
4907,4907,Delivered,50,148
4908,4908,Out for Delivery,40,296
4909,4909,Delivered,59,292
4910,4910,Delivered,67,277
4911,4911,Delivered,21,27
4912,4912,Out for Delivery,27,258
4913,4913,Delivered,72,284
4914,4914,Delivered,57,266
4915,4915,Delivered,54,162
4916,4916,Delivered,40,104
4917,4917,Delivered,53,220
4918,4918,Delivered,51,38
4919,4919,Delivered,45,140
4920,4920,Cancelled,0,46
4921,4921,Out for Delivery,20,228
4922,4922,Delivered,69,58
4923,4923,Delivered,67,76
4924,4924,Delivered,50,252
4925,4925,Delivered,29,281
4926,4926,Delivered,41,35
4927,4927,Delivered,54,293
4928,4928,Delivered,60,34
4929,4929,Delivered,27,30
4930,4930,Delivered,70,109
4931,4931,Delivered,24,200
4932,4932,Delivered,52,16
4933,4933,Delivered,40,70
4934,4934,Delivered,61,240
4935,4935,Delivered,54,4
4936,4936,Delivered,58,75
4937,4937,Out for Delivery,15,199
4938,4938,Delivered,29,152
4939,4939,Delivered,32,258
4940,4940,Cancelled,0,105
4941,4941,Delivered,67,18
4942,4942,Out for Delivery,18,97
4943,4943,Delivered,38,55
4944,4944,Delivered,49,4
4945,4945,Delivered,69,191
4946,4946,Delivered,48,130
4947,4947,Delivered,25,108
4948,4948,Delivered,48,203
4949,4949,Delivered,40,105
4950,4950,Delivered,62,129
4951,4951,Delivered,34,289
4952,4952,Delivered,32,290
4953,4953,Delivered,36,204
4954,4954,Delivered,21,101
4955,4955,Delivered,70,219
4956,4956,Delivered,53,15
4957,4957,Delivered,52,89
4958,4958,Delivered,57,211
4959,4959,Delivered,61,118
4960,4960,Delivered,49,202
4961,4961,Delivered,44,26
4962,4962,Delivered,75,59
4963,4963,Delivered,32,174
4964,4964,Delivered,26,244
4965,4965,Delivered,49,146
4966,4966,Cancelled,0,54
4967,4967,Delivered,32,239
4968,4968,Delivered,44,85
4969,4969,Delivered,25,30
4970,4970,Delivered,59,213
4971,4971,Delivered,20,294
4972,4972,Delivered,24,194
4973,4973,Delivered,47,78
4974,4974,Delivered,51,136
4975,4975,Delivered,71,17
4976,4976,Delivered,58,287
4977,4977,Delivered,54,110
4978,4978,Cancelled,0,92
4979,4979,Delivered,55,90
4980,4980,Delivered,32,136
4981,4981,Delivered,23,211
4982,4982,Delivered,60,267
4983,4983,Cancelled,0,243
4984,4984,Delivered,37,174
4985,4985,Delivered,56,117
4986,4986,Delivered,59,254
4987,4987,Delivered,62,27
4988,4988,Delivered,65,213
4989,4989,Delivered,25,181
4990,4990,Delivered,22,30
4991,4991,Delivered,58,108
4992,4992,Delivered,50,121
4993,4993,Delivered,71,42
4994,4994,Delivered,22,276
4995,4995,Delivered,47,201
4996,4996,Cancelled,0,173
4997,4997,Delivered,59,38
4998,4998,Delivered,39,97
4999,4999,Delivered,26,259
5000,5000,Delivered,29,137
5001,5001,Cancelled,0,180
5002,5002,Delivered,42,266
5003,5003,Delivered,49,26
5004,5004,Delivered,51,133
5005,5005,Delivered,39,70
5006,5006,Delivered,73,153
5007,5007,Delivered,58,284
5008,5008,Delivered,59,248
5009,5009,Delivered,71,86
5010,5010,Delivered,74,18
5011,5011,Delivered,49,77
5012,5012,Delivered,52,207
5013,5013,Delivered,51,58
5014,5014,Delivered,52,149
5015,5015,Delivered,46,206
5016,5016,Delivered,51,75
5017,5017,Cancelled,0,164
5018,5018,Delivered,54,234
5019,5019,Delivered,45,29
5020,5020,Delivered,26,284
5021,5021,Delivered,25,252
5022,5022,Delivered,63,246
5023,5023,Delivered,32,245
5024,5024,Delivered,66,213
5025,5025,Out for Delivery,31,106
5026,5026,Delivered,48,230
5027,5027,Delivered,51,32
5028,5028,Delivered,29,38
5029,5029,Delivered,58,206
5030,5030,Delivered,72,225
5031,5031,Cancelled,0,252
5032,5032,Delivered,64,184
5033,5033,Delivered,25,161
5034,5034,Delivered,56,113
5035,5035,Delivered,26,62
5036,5036,Delivered,22,293
5037,5037,Delivered,20,123
5038,5038,Delivered,66,270
5039,5039,Cancelled,0,181
5040,5040,Delivered,56,160
5041,5041,Delivered,45,54
5042,5042,Delivered,42,176
5043,5043,Delivered,71,33
5044,5044,Cancelled,0,87
5045,5045,Delivered,44,220
5046,5046,Cancelled,0,259
5047,5047,Delivered,70,129
5048,5048,Delivered,39,207
5049,5049,Delivered,61,2
5050,5050,Delivered,24,101
5051,5051,Delivered,44,208
5052,5052,Delivered,40,240
5053,5053,Delivered,37,78
5054,5054,Delivered,33,222
5055,5055,Delivered,67,149
5056,5056,Out for Delivery,29,147
5057,5057,Cancelled,0,44
5058,5058,Delivered,47,29
5059,5059,Delivered,44,284
5060,5060,Cancelled,0,105
5061,5061,Delivered,73,150
5062,5062,Delivered,44,91
5063,5063,Delivered,22,82
5064,5064,Delivered,48,151
5065,5065,Delivered,46,215
5066,5066,Out for Delivery,28,269
5067,5067,Delivered,20,124
5068,5068,Delivered,71,151
5069,5069,Delivered,74,176
5070,5070,Delivered,63,70
5071,5071,Delivered,73,107
5072,5072,Delivered,73,100
5073,5073,Delivered,37,4
5074,5074,Delivered,64,72
5075,5075,Delivered,51,138
5076,5076,Cancelled,0,92
5077,5077,Delivered,65,267
5078,5078,Delivered,44,202
5079,5079,Delivered,60,249
5080,5080,Delivered,47,103
5081,5081,Delivered,20,297
5082,5082,Delivered,26,248
5083,5083,Delivered,46,77
5084,5084,Delivered,50,64
5085,5085,Delivered,25,31
5086,5086,Out for Delivery,26,211
5087,5087,Delivered,70,14
5088,5088,Delivered,55,203
5089,5089,Delivered,64,32
5090,5090,Delivered,68,163
5091,5091,Delivered,68,197
5092,5092,Delivered,41,82
5093,5093,Delivered,69,169
5094,5094,Delivered,21,273
5095,5095,Delivered,44,290
5096,5096,Cancelled,0,268
5097,5097,Delivered,60,8
5098,5098,Delivered,29,215
5099,5099,Delivered,53,95
5100,5100,Delivered,42,15
5101,5101,Delivered,54,269
5102,5102,Out for Delivery,31,124
5103,5103,Delivered,49,138
5104,5104,Delivered,67,122
5105,5105,Delivered,42,177
5106,5106,Cancelled,0,86
5107,5107,Delivered,72,189
5108,5108,Delivered,62,254
5109,5109,Delivered,24,154
5110,5110,Delivered,68,129
5111,5111,Out for Delivery,28,135
5112,5112,Delivered,51,12
5113,5113,Delivered,75,21
5114,5114,Delivered,59,263
5115,5115,Delivered,24,17
5116,5116,Delivered,33,206
5117,5117,Cancelled,0,58
5118,5118,Delivered,60,22
5119,5119,Delivered,72,229
5120,5120,Delivered,42,162
5121,5121,Delivered,46,285
5122,5122,Delivered,51,98
5123,5123,Delivered,45,22
5124,5124,Delivered,44,104
5125,5125,Delivered,33,39
5126,5126,Delivered,73,230
5127,5127,Delivered,31,132
5128,5128,Delivered,60,258
5129,5129,Delivered,41,217
5130,5130,Delivered,53,174
5131,5131,Delivered,37,146
5132,5132,Delivered,42,151
5133,5133,Delivered,69,42
5134,5134,Delivered,51,86
5135,5135,Delivered,22,43
5136,5136,Delivered,23,222
5137,5137,Cancelled,0,264
5138,5138,Out for Delivery,27,75
5139,5139,Cancelled,0,32
5140,5140,Cancelled,0,233
5141,5141,Delivered,62,294
5142,5142,Delivered,41,227
5143,5143,Delivered,32,167
5144,5144,Out for Delivery,26,177
5145,5145,Delivered,36,29
5146,5146,Delivered,44,10
5147,5147,Delivered,51,282
5148,5148,Delivered,58,280
5149,5149,Delivered,42,194
5150,5150,Delivered,51,87
5151,5151,Cancelled,0,289
5152,5152,Delivered,20,281
5153,5153,Delivered,25,63
5154,5154,Delivered,65,86
5155,5155,Cancelled,0,157
5156,5156,Out for Delivery,25,157
5157,5157,Delivered,25,229
5158,5158,Delivered,64,231
5159,5159,Delivered,27,234
5160,5160,Delivered,43,44
5161,5161,Delivered,38,216
5162,5162,Delivered,58,281
5163,5163,Delivered,28,118
5164,5164,Delivered,29,64
5165,5165,Delivered,62,173
5166,5166,Delivered,25,38
5167,5167,Delivered,69,35
5168,5168,Delivered,53,199
5169,5169,Delivered,58,247
5170,5170,Delivered,41,251
5171,5171,Out for Delivery,18,202
5172,5172,Delivered,39,114
5173,5173,Delivered,37,293
5174,5174,Out for Delivery,24,200
5175,5175,Delivered,57,9
5176,5176,Cancelled,0,111
5177,5177,Cancelled,0,38
5178,5178,Delivered,62,225
5179,5179,Delivered,60,101
5180,5180,Delivered,61,194
5181,5181,Delivered,39,37
5182,5182,Delivered,36,60
5183,5183,Delivered,53,146
5184,5184,Delivered,38,99
5185,5185,Delivered,57,33
5186,5186,Delivered,50,183
5187,5187,Delivered,20,95
5188,5188,Delivered,32,57
5189,5189,Delivered,28,68
5190,5190,Out for Delivery,11,28
5191,5191,Delivered,68,288
5192,5192,Delivered,39,196
5193,5193,Delivered,69,156
5194,5194,Delivered,34,104
5195,5195,Delivered,68,119
5196,5196,Delivered,27,184
5197,5197,Out for Delivery,37,181
5198,5198,Delivered,54,9
5199,5199,Delivered,75,108
5200,5200,Delivered,63,92
5201,5201,Delivered,39,107
5202,5202,Delivered,25,85
5203,5203,Delivered,44,216
5204,5204,Cancelled,0,22
5205,5205,Delivered,47,32
5206,5206,Delivered,74,123
5207,5207,Delivered,25,34
5208,5208,Delivered,71,211
5209,5209,Delivered,67,222
5210,5210,Delivered,45,66
5211,5211,Delivered,29,142
5212,5212,Delivered,53,102
5213,5213,Delivered,24,92
5214,5214,Delivered,63,38
5215,5215,Delivered,52,70
5216,5216,Delivered,30,180
5217,5217,Out for Delivery,19,71
5218,5218,Delivered,26,174
5219,5219,Delivered,39,290
5220,5220,Delivered,49,58
5221,5221,Delivered,24,73
5222,5222,Delivered,49,117
5223,5223,Delivered,69,7
5224,5224,Delivered,59,121
5225,5225,Delivered,66,255
5226,5226,Delivered,26,18
5227,5227,Delivered,70,211
5228,5228,Delivered,45,179
5229,5229,Delivered,20,293
5230,5230,Delivered,42,62
5231,5231,Delivered,22,62
5232,5232,Delivered,22,232
5233,5233,Delivered,47,33
5234,5234,Delivered,25,10
5235,5235,Out for Delivery,36,120
5236,5236,Delivered,32,58
5237,5237,Delivered,44,198
5238,5238,Cancelled,0,28
5239,5239,Delivered,48,119
5240,5240,Delivered,39,203
5241,5241,Delivered,47,1
5242,5242,Delivered,67,108
5243,5243,Delivered,22,20
5244,5244,Delivered,43,3
5245,5245,Cancelled,0,240
5246,5246,Delivered,29,18
5247,5247,Delivered,55,15
5248,5248,Delivered,36,226
5249,5249,Delivered,36,57
5250,5250,Delivered,25,94
5251,5251,Delivered,24,121
5252,5252,Delivered,22,186
5253,5253,Delivered,34,4
5254,5254,Delivered,32,9
5255,5255,Delivered,54,246
5256,5256,Delivered,68,75
5257,5257,Out for Delivery,40,1
5258,5258,Delivered,46,78
5259,5259,Delivered,31,264
5260,5260,Delivered,52,90
5261,5261,Delivered,68,298
5262,5262,Delivered,26,19
5263,5263,Delivered,60,221
5264,5264,Delivered,56,223
5265,5265,Delivered,62,242
5266,5266,Delivered,61,80
5267,5267,Delivered,73,177
5268,5268,Delivered,44,205
5269,5269,Delivered,58,68
5270,5270,Delivered,26,234
5271,5271,Delivered,38,32
5272,5272,Delivered,70,84
5273,5273,Delivered,35,246
5274,5274,Delivered,49,280
5275,5275,Delivered,75,169
5276,5276,Out for Delivery,39,273
5277,5277,Delivered,38,131
5278,5278,Delivered,30,16
5279,5279,Delivered,22,252
5280,5280,Delivered,27,289
5281,5281,Delivered,65,228
5282,5282,Delivered,61,285
5283,5283,Delivered,32,91
5284,5284,Delivered,20,205
5285,5285,Delivered,56,199
5286,5286,Delivered,58,226
5287,5287,Delivered,32,297
5288,5288,Cancelled,0,299
5289,5289,Delivered,54,5
5290,5290,Delivered,38,2
5291,5291,Delivered,30,232
5292,5292,Delivered,69,95
5293,5293,Cancelled,0,106
5294,5294,Out for Delivery,13,15
5295,5295,Delivered,45,3
5296,5296,Delivered,61,240
5297,5297,Delivered,20,258
5298,5298,Out for Delivery,25,95
5299,5299,Cancelled,0,122
5300,5300,Cancelled,0,3
5301,5301,Delivered,21,21
5302,5302,Delivered,69,212
5303,5303,Delivered,29,151
5304,5304,Delivered,65,156
5305,5305,Delivered,72,105
5306,5306,Delivered,61,222
5307,5307,Delivered,27,103
5308,5308,Delivered,45,31
5309,5309,Delivered,71,117
5310,5310,Delivered,65,16
5311,5311,Out for Delivery,13,167
5312,5312,Delivered,37,298
5313,5313,Out for Delivery,38,286
5314,5314,Delivered,61,86
5315,5315,Delivered,35,152
5316,5316,Cancelled,0,114
5317,5317,Delivered,38,214
5318,5318,Delivered,34,219
5319,5319,Delivered,53,87
5320,5320,Out for Delivery,22,41
5321,5321,Delivered,28,30
5322,5322,Delivered,28,149
5323,5323,Delivered,44,129
5324,5324,Delivered,36,161
5325,5325,Cancelled,0,54
5326,5326,Delivered,71,36
5327,5327,Delivered,33,173
5328,5328,Delivered,54,94
5329,5329,Delivered,37,110
5330,5330,Delivered,53,299
5331,5331,Delivered,57,288
5332,5332,Delivered,25,239
5333,5333,Delivered,50,231
5334,5334,Delivered,57,97
5335,5335,Delivered,25,13
5336,5336,Cancelled,0,290
5337,5337,Delivered,74,243
5338,5338,Delivered,71,17
5339,5339,Delivered,28,92
5340,5340,Out for Delivery,38,22
5341,5341,Delivered,74,24
5342,5342,Delivered,50,137
5343,5343,Delivered,51,4
5344,5344,Delivered,70,54
5345,5345,Out for Delivery,38,201
5346,5346,Delivered,67,204
5347,5347,Delivered,69,169
5348,5348,Cancelled,0,30
5349,5349,Delivered,59,57
5350,5350,Delivered,75,220
5351,5351,Delivered,23,222
5352,5352,Delivered,73,149
5353,5353,Delivered,42,115
5354,5354,Delivered,38,226
5355,5355,Delivered,24,145
5356,5356,Delivered,37,266
5357,5357,Cancelled,0,90
5358,5358,Delivered,60,273
5359,5359,Delivered,72,242
5360,5360,Delivered,35,138
5361,5361,Delivered,62,53
5362,5362,Delivered,51,37
5363,5363,Delivered,54,198
5364,5364,Delivered,49,119
5365,5365,Delivered,74,159
5366,5366,Delivered,27,123
5367,5367,Delivered,74,244
5368,5368,Delivered,48,1
5369,5369,Delivered,53,158
5370,5370,Cancelled,0,134
5371,5371,Cancelled,0,218
5372,5372,Delivered,27,297
5373,5373,Delivered,57,103
5374,5374,Delivered,53,190
5375,5375,Delivered,39,115
5376,5376,Delivered,37,230
5377,5377,Delivered,32,162
5378,5378,Delivered,28,276
5379,5379,Delivered,59,72
5380,5380,Delivered,73,234
5381,5381,Delivered,44,12
5382,5382,Delivered,52,239
5383,5383,Delivered,40,37
5384,5384,Delivered,50,34
5385,5385,Out for Delivery,34,172
5386,5386,Out for Delivery,37,134
5387,5387,Delivered,28,77
5388,5388,Delivered,33,296
5389,5389,Delivered,50,270
5390,5390,Delivered,21,146
5391,5391,Delivered,29,274
5392,5392,Delivered,69,173
5393,5393,Delivered,68,77
5394,5394,Delivered,73,24
5395,5395,Cancelled,0,147
5396,5396,Delivered,36,120
5397,5397,Delivered,43,75
5398,5398,Out for Delivery,40,59
5399,5399,Delivered,20,258
5400,5400,Delivered,57,70
5401,5401,Delivered,22,241
5402,5402,Delivered,74,154
5403,5403,Delivered,68,208
5404,5404,Delivered,74,141
5405,5405,Delivered,40,191
5406,5406,Delivered,32,192
5407,5407,Delivered,69,156
5408,5408,Delivered,74,118
5409,5409,Delivered,59,169
5410,5410,Out for Delivery,34,96
5411,5411,Delivered,45,237
5412,5412,Delivered,69,60
5413,5413,Delivered,59,141
5414,5414,Delivered,38,196
5415,5415,Delivered,64,49
5416,5416,Delivered,67,300
5417,5417,Delivered,21,48
5418,5418,Delivered,52,104
5419,5419,Delivered,25,70
5420,5420,Delivered,49,226
5421,5421,Cancelled,0,101
5422,5422,Delivered,75,48
5423,5423,Delivered,25,144
5424,5424,Delivered,22,245
5425,5425,Delivered,73,19
5426,5426,Cancelled,0,15
5427,5427,Delivered,60,280
5428,5428,Delivered,56,155
5429,5429,Delivered,71,59
5430,5430,Delivered,52,44
5431,5431,Cancelled,0,265
5432,5432,Delivered,28,117
5433,5433,Delivered,23,179
5434,5434,Delivered,45,220
5435,5435,Delivered,67,171
5436,5436,Delivered,66,57
5437,5437,Delivered,70,16
5438,5438,Out for Delivery,27,187
5439,5439,Delivered,47,163
5440,5440,Delivered,40,126
5441,5441,Cancelled,0,184
5442,5442,Delivered,30,237
5443,5443,Delivered,41,110
5444,5444,Delivered,71,266
5445,5445,Delivered,43,101
5446,5446,Delivered,53,26
5447,5447,Delivered,74,105
5448,5448,Delivered,58,98
5449,5449,Delivered,29,151
5450,5450,Delivered,66,89
5451,5451,Cancelled,0,1
5452,5452,Delivered,68,40
5453,5453,Out for Delivery,10,207
5454,5454,Delivered,74,263
5455,5455,Delivered,70,42
5456,5456,Out for Delivery,24,117
5457,5457,Delivered,72,111
5458,5458,Delivered,56,29
5459,5459,Delivered,42,116
5460,5460,Delivered,70,177
5461,5461,Delivered,35,199
5462,5462,Delivered,32,93
5463,5463,Delivered,43,126
5464,5464,Delivered,71,186
5465,5465,Delivered,42,267
5466,5466,Delivered,65,60
5467,5467,Delivered,58,52
5468,5468,Delivered,35,250
5469,5469,Delivered,70,68
5470,5470,Delivered,48,26
5471,5471,Cancelled,0,291
5472,5472,Delivered,33,211
5473,5473,Delivered,51,117
5474,5474,Delivered,27,231
5475,5475,Delivered,69,129
5476,5476,Delivered,36,182
5477,5477,Delivered,23,273
5478,5478,Delivered,30,33
5479,5479,Delivered,41,136
5480,5480,Cancelled,0,207
5481,5481,Delivered,48,101
5482,5482,Cancelled,0,195
5483,5483,Delivered,73,243
5484,5484,Delivered,27,12
5485,5485,Delivered,29,283
5486,5486,Delivered,43,241
5487,5487,Delivered,22,278
5488,5488,Delivered,51,98
5489,5489,Cancelled,0,129
5490,5490,Delivered,70,138
5491,5491,Delivered,33,30
5492,5492,Delivered,59,100
5493,5493,Delivered,56,198
5494,5494,Delivered,61,46
5495,5495,Delivered,74,250
5496,5496,Delivered,48,123
5497,5497,Delivered,73,25
5498,5498,Delivered,47,30
5499,5499,Delivered,67,65
5500,5500,Delivered,72,110
5501,5501,Delivered,36,280
5502,5502,Delivered,55,213
5503,5503,Delivered,30,294
5504,5504,Cancelled,0,61
5505,5505,Delivered,63,70
5506,5506,Out for Delivery,24,171
5507,5507,Delivered,21,112
5508,5508,Delivered,32,182
5509,5509,Delivered,73,139
5510,5510,Delivered,29,187
5511,5511,Delivered,71,77
5512,5512,Delivered,28,19
5513,5513,Delivered,23,298
5514,5514,Delivered,59,244
5515,5515,Delivered,31,49
5516,5516,Delivered,42,260
5517,5517,Delivered,47,210
5518,5518,Delivered,31,239
5519,5519,Delivered,44,15
5520,5520,Delivered,28,110
5521,5521,Delivered,31,298
5522,5522,Delivered,40,136
5523,5523,Delivered,72,166
5524,5524,Cancelled,0,270
5525,5525,Delivered,51,111
5526,5526,Delivered,50,298
5527,5527,Delivered,34,24
5528,5528,Delivered,58,53
5529,5529,Delivered,26,110
5530,5530,Delivered,55,135
5531,5531,Delivered,62,11
5532,5532,Delivered,67,184
5533,5533,Delivered,30,94
5534,5534,Delivered,25,155
5535,5535,Delivered,32,89
5536,5536,Delivered,70,203
5537,5537,Delivered,55,184
5538,5538,Delivered,72,251
5539,5539,Delivered,22,277
5540,5540,Delivered,33,19
5541,5541,Delivered,33,120
5542,5542,Delivered,42,21
5543,5543,Delivered,74,220
5544,5544,Delivered,30,107
5545,5545,Out for Delivery,28,272
5546,5546,Delivered,74,181
5547,5547,Delivered,55,108
5548,5548,Delivered,50,39
5549,5549,Delivered,74,55
5550,5550,Delivered,59,25
5551,5551,Delivered,37,291
5552,5552,Delivered,24,214
5553,5553,Delivered,56,44
5554,5554,Delivered,36,31
5555,5555,Delivered,32,149
5556,5556,Delivered,28,241
5557,5557,Delivered,41,75
5558,5558,Delivered,23,42
5559,5559,Delivered,39,163
5560,5560,Delivered,25,94
5561,5561,Delivered,60,101
5562,5562,Delivered,59,93
5563,5563,Out for Delivery,10,102
5564,5564,Delivered,63,257
5565,5565,Delivered,20,100
5566,5566,Delivered,40,159
5567,5567,Delivered,49,214
5568,5568,Delivered,44,290
5569,5569,Delivered,53,27
5570,5570,Delivered,68,6
5571,5571,Cancelled,0,214
5572,5572,Delivered,52,188
5573,5573,Delivered,69,252
5574,5574,Delivered,54,132
5575,5575,Delivered,39,177
5576,5576,Delivered,25,33
5577,5577,Delivered,72,4
5578,5578,Delivered,42,10
5579,5579,Delivered,62,21
5580,5580,Delivered,72,190
5581,5581,Delivered,48,74
5582,5582,Delivered,42,264
5583,5583,Delivered,20,102
5584,5584,Delivered,29,246
5585,5585,Out for Delivery,29,125
5586,5586,Delivered,47,216
5587,5587,Delivered,44,88
5588,5588,Delivered,67,247
5589,5589,Delivered,30,21
5590,5590,Delivered,34,105
5591,5591,Delivered,45,68
5592,5592,Delivered,29,112
5593,5593,Cancelled,0,181
5594,5594,Delivered,47,251
5595,5595,Delivered,46,9
5596,5596,Cancelled,0,9
5597,5597,Delivered,72,18
5598,5598,Delivered,62,286
5599,5599,Delivered,48,300
5600,5600,Delivered,36,267
5601,5601,Cancelled,0,26
5602,5602,Cancelled,0,297
5603,5603,Delivered,26,197
5604,5604,Out for Delivery,27,128
5605,5605,Delivered,32,230
5606,5606,Delivered,38,260
5607,5607,Delivered,41,24
5608,5608,Delivered,34,205
5609,5609,Delivered,38,218
5610,5610,Delivered,62,221
5611,5611,Delivered,63,112
5612,5612,Delivered,31,62
5613,5613,Delivered,59,278
5614,5614,Delivered,70,92
5615,5615,Out for Delivery,27,277
5616,5616,Delivered,57,170
5617,5617,Delivered,35,147
5618,5618,Delivered,60,288
5619,5619,Delivered,26,59
5620,5620,Delivered,74,255
5621,5621,Delivered,75,208
5622,5622,Delivered,43,176
5623,5623,Delivered,70,165
5624,5624,Delivered,48,279
5625,5625,Out for Delivery,30,30
5626,5626,Delivered,24,24
5627,5627,Delivered,58,216
5628,5628,Delivered,43,284
5629,5629,Cancelled,0,58
5630,5630,Delivered,51,103
5631,5631,Delivered,70,237
5632,5632,Cancelled,0,242
5633,5633,Delivered,30,227
5634,5634,Delivered,43,234
5635,5635,Delivered,56,232
5636,5636,Delivered,75,195
5637,5637,Delivered,34,182
5638,5638,Delivered,42,291
5639,5639,Delivered,71,288
5640,5640,Delivered,21,295
5641,5641,Delivered,68,116
5642,5642,Delivered,26,16
5643,5643,Delivered,23,209
5644,5644,Delivered,30,171
5645,5645,Delivered,25,100
5646,5646,Delivered,65,234
5647,5647,Cancelled,0,204
5648,5648,Delivered,26,108
5649,5649,Delivered,43,294
5650,5650,Delivered,48,83
5651,5651,Delivered,22,230
5652,5652,Delivered,68,210
5653,5653,Delivered,49,289
5654,5654,Delivered,22,188
5655,5655,Delivered,27,276
5656,5656,Delivered,58,201
5657,5657,Delivered,40,174
5658,5658,Delivered,58,81
5659,5659,Delivered,41,276
5660,5660,Delivered,44,80
5661,5661,Delivered,39,159
5662,5662,Delivered,52,155
5663,5663,Cancelled,0,86
5664,5664,Delivered,36,78
5665,5665,Delivered,39,90
5666,5666,Delivered,55,201
5667,5667,Delivered,43,236
5668,5668,Delivered,53,278
5669,5669,Delivered,62,10
5670,5670,Delivered,54,168
5671,5671,Delivered,63,145
5672,5672,Delivered,52,55
5673,5673,Delivered,69,222
5674,5674,Delivered,24,187
5675,5675,Delivered,58,35
5676,5676,Delivered,65,140
5677,5677,Delivered,54,167
5678,5678,Delivered,57,208
5679,5679,Delivered,61,187
5680,5680,Delivered,21,167
5681,5681,Delivered,73,185
5682,5682,Out for Delivery,28,217
5683,5683,Delivered,23,35
5684,5684,Delivered,59,202
5685,5685,Delivered,46,106
5686,5686,Out for Delivery,19,32
5687,5687,Delivered,43,26
5688,5688,Delivered,48,19
5689,5689,Delivered,71,206
5690,5690,Delivered,62,143
5691,5691,Delivered,39,4
5692,5692,Delivered,28,84
5693,5693,Delivered,23,251
5694,5694,Delivered,32,57
5695,5695,Delivered,27,295
5696,5696,Delivered,67,191
5697,5697,Delivered,23,150
5698,5698,Delivered,20,156
5699,5699,Delivered,74,200
5700,5700,Delivered,26,5
5701,5701,Delivered,53,176
5702,5702,Delivered,71,152
5703,5703,Delivered,75,131
5704,5704,Delivered,67,81
5705,5705,Delivered,39,61
5706,5706,Out for Delivery,12,185
5707,5707,Delivered,25,270
5708,5708,Out for Delivery,16,242
5709,5709,Delivered,26,144
5710,5710,Cancelled,0,25
5711,5711,Delivered,68,69
5712,5712,Delivered,57,163
5713,5713,Delivered,30,211
5714,5714,Delivered,34,10
5715,5715,Delivered,61,82
5716,5716,Delivered,69,3
5717,5717,Delivered,66,30
5718,5718,Delivered,56,47
5719,5719,Delivered,28,88
5720,5720,Delivered,59,158
5721,5721,Delivered,25,298
5722,5722,Delivered,38,181
5723,5723,Delivered,56,167
5724,5724,Delivered,68,296
5725,5725,Delivered,21,257
5726,5726,Delivered,49,51
5727,5727,Delivered,27,110
5728,5728,Delivered,33,60
5729,5729,Delivered,60,264
5730,5730,Delivered,24,202
5731,5731,Delivered,25,198
5732,5732,Delivered,34,248
5733,5733,Delivered,68,4
5734,5734,Delivered,38,156
5735,5735,Delivered,65,262
5736,5736,Delivered,43,106
5737,5737,Out for Delivery,38,244
5738,5738,Delivered,21,53
5739,5739,Delivered,70,188
5740,5740,Delivered,30,50
5741,5741,Delivered,62,108
5742,5742,Delivered,53,122
5743,5743,Delivered,46,91
5744,5744,Delivered,37,290
5745,5745,Delivered,34,23
5746,5746,Delivered,54,94
5747,5747,Out for Delivery,38,29
5748,5748,Cancelled,0,54
5749,5749,Delivered,74,222
5750,5750,Delivered,53,173
5751,5751,Delivered,71,189
5752,5752,Delivered,25,263
5753,5753,Delivered,49,212
5754,5754,Delivered,52,181
5755,5755,Delivered,45,6
5756,5756,Delivered,43,288
5757,5757,Delivered,31,166
5758,5758,Delivered,66,277
5759,5759,Delivered,57,30
5760,5760,Delivered,28,112
5761,5761,Delivered,48,107
5762,5762,Delivered,48,175
5763,5763,Delivered,33,264
5764,5764,Delivered,27,60
5765,5765,Delivered,59,27
5766,5766,Delivered,49,185
5767,5767,Delivered,51,176
5768,5768,Delivered,26,24
5769,5769,Delivered,33,172
5770,5770,Delivered,62,250
5771,5771,Cancelled,0,112
5772,5772,Delivered,48,235
5773,5773,Delivered,23,170
5774,5774,Delivered,21,50
5775,5775,Delivered,71,206
5776,5776,Delivered,69,53
5777,5777,Delivered,37,116
5778,5778,Delivered,38,10
5779,5779,Delivered,51,285
5780,5780,Delivered,57,30
5781,5781,Cancelled,0,156
5782,5782,Delivered,61,16
5783,5783,Delivered,63,251
5784,5784,Delivered,31,204
5785,5785,Delivered,28,171
5786,5786,Delivered,35,215
5787,5787,Delivered,37,256
5788,5788,Delivered,38,102
5789,5789,Delivered,73,183
5790,5790,Delivered,35,19
5791,5791,Delivered,64,143
5792,5792,Delivered,25,192
5793,5793,Delivered,74,266
5794,5794,Delivered,30,65
5795,5795,Delivered,27,86
5796,5796,Out for Delivery,15,199
5797,5797,Delivered,60,179
5798,5798,Delivered,33,264
5799,5799,Delivered,65,178
5800,5800,Delivered,27,115
5801,5801,Delivered,67,269
5802,5802,Delivered,72,121
5803,5803,Delivered,40,159
5804,5804,Delivered,59,55
5805,5805,Delivered,73,90
5806,5806,Out for Delivery,11,239
5807,5807,Delivered,26,114
5808,5808,Delivered,35,190
5809,5809,Delivered,62,221
5810,5810,Delivered,69,23
5811,5811,Delivered,54,137
5812,5812,Delivered,46,53
5813,5813,Delivered,62,220
5814,5814,Delivered,20,209
5815,5815,Delivered,31,35
5816,5816,Delivered,34,268
5817,5817,Cancelled,0,88
5818,5818,Delivered,56,172
5819,5819,Delivered,57,268
5820,5820,Delivered,64,194
5821,5821,Delivered,21,52
5822,5822,Delivered,57,256
5823,5823,Delivered,65,103
5824,5824,Delivered,30,42
5825,5825,Delivered,69,126
5826,5826,Delivered,75,27
5827,5827,Delivered,37,224
5828,5828,Delivered,35,53
5829,5829,Delivered,60,106
5830,5830,Delivered,30,132
5831,5831,Delivered,21,224
5832,5832,Delivered,41,216
5833,5833,Delivered,23,68
5834,5834,Delivered,66,72
5835,5835,Delivered,38,89
5836,5836,Delivered,30,289
5837,5837,Delivered,61,127
5838,5838,Delivered,64,98
5839,5839,Delivered,30,213
5840,5840,Delivered,69,177
5841,5841,Delivered,28,291
5842,5842,Out for Delivery,10,170
5843,5843,Delivered,52,239
5844,5844,Delivered,75,236
5845,5845,Delivered,56,269
5846,5846,Delivered,41,2
5847,5847,Delivered,30,54
5848,5848,Cancelled,0,6
5849,5849,Delivered,75,232
5850,5850,Delivered,53,199
5851,5851,Delivered,46,299
5852,5852,Delivered,75,220
5853,5853,Delivered,74,152
5854,5854,Delivered,20,72
5855,5855,Delivered,50,290
5856,5856,Delivered,66,274
5857,5857,Cancelled,0,122
5858,5858,Delivered,67,145
5859,5859,Delivered,72,287
5860,5860,Delivered,66,188
5861,5861,Delivered,33,161
5862,5862,Delivered,30,270
5863,5863,Delivered,20,202
5864,5864,Delivered,45,123
5865,5865,Delivered,36,97
5866,5866,Delivered,58,127
5867,5867,Delivered,70,165
5868,5868,Delivered,71,229
5869,5869,Delivered,63,297
5870,5870,Delivered,20,271
5871,5871,Cancelled,0,245
5872,5872,Delivered,51,212
5873,5873,Delivered,29,157
5874,5874,Delivered,26,49
5875,5875,Delivered,49,162
5876,5876,Delivered,74,101
5877,5877,Delivered,53,247
5878,5878,Delivered,67,241
5879,5879,Delivered,30,5
5880,5880,Delivered,73,182
5881,5881,Delivered,71,54
5882,5882,Delivered,55,15
5883,5883,Delivered,54,170
5884,5884,Delivered,53,68
5885,5885,Delivered,22,76
5886,5886,Delivered,57,198
5887,5887,Delivered,24,291
5888,5888,Delivered,73,165
5889,5889,Delivered,36,53
5890,5890,Delivered,34,136
5891,5891,Delivered,55,226
5892,5892,Delivered,58,148
5893,5893,Delivered,24,185
5894,5894,Delivered,50,294
5895,5895,Out for Delivery,34,175
5896,5896,Cancelled,0,2
5897,5897,Delivered,39,289
5898,5898,Delivered,67,63
5899,5899,Delivered,21,159
5900,5900,Delivered,37,231
5901,5901,Out for Delivery,14,135
5902,5902,Delivered,33,248
5903,5903,Delivered,44,271
5904,5904,Delivered,25,100
5905,5905,Delivered,55,70
5906,5906,Delivered,74,47
5907,5907,Cancelled,0,147
5908,5908,Delivered,60,267
5909,5909,Delivered,20,206
5910,5910,Out for Delivery,12,83
5911,5911,Out for Delivery,22,225
5912,5912,Delivered,52,138
5913,5913,Delivered,30,1
5914,5914,Delivered,70,193
5915,5915,Delivered,70,133
5916,5916,Delivered,67,17
5917,5917,Delivered,33,2
5918,5918,Delivered,63,41
5919,5919,Out for Delivery,26,265
5920,5920,Out for Delivery,36,119
5921,5921,Delivered,31,260
5922,5922,Delivered,69,92
5923,5923,Delivered,75,108
5924,5924,Delivered,38,128
5925,5925,Delivered,46,177
5926,5926,Delivered,40,143
5927,5927,Delivered,42,275
5928,5928,Delivered,67,213
5929,5929,Delivered,35,129
5930,5930,Delivered,20,82
5931,5931,Delivered,63,140
5932,5932,Delivered,69,29
5933,5933,Delivered,70,110
5934,5934,Delivered,44,178
5935,5935,Delivered,49,165
5936,5936,Out for Delivery,25,277
5937,5937,Delivered,38,294
5938,5938,Delivered,43,154
5939,5939,Delivered,23,221
5940,5940,Delivered,25,232
5941,5941,Delivered,35,9
5942,5942,Delivered,48,174
5943,5943,Delivered,30,141
5944,5944,Out for Delivery,23,13
5945,5945,Delivered,44,288
5946,5946,Delivered,20,198
5947,5947,Delivered,23,68
5948,5948,Delivered,75,41
5949,5949,Delivered,73,144
5950,5950,Delivered,31,8
5951,5951,Delivered,60,231
5952,5952,Delivered,20,119
5953,5953,Delivered,28,84
5954,5954,Delivered,63,57
5955,5955,Out for Delivery,30,299
5956,5956,Delivered,72,142
5957,5957,Cancelled,0,289
5958,5958,Delivered,74,125
5959,5959,Delivered,27,113
5960,5960,Delivered,38,181
5961,5961,Delivered,49,123
5962,5962,Delivered,70,176
5963,5963,Delivered,40,26
5964,5964,Delivered,43,52
5965,5965,Delivered,42,128
5966,5966,Delivered,56,178
5967,5967,Delivered,67,267
5968,5968,Out for Delivery,26,142
5969,5969,Delivered,30,29
5970,5970,Delivered,56,188
5971,5971,Delivered,52,282
5972,5972,Delivered,61,102
5973,5973,Delivered,56,245
5974,5974,Delivered,69,278
5975,5975,Delivered,51,282
5976,5976,Out for Delivery,21,25
5977,5977,Delivered,61,105
5978,5978,Delivered,51,140
5979,5979,Delivered,60,249
5980,5980,Delivered,61,70
5981,5981,Delivered,70,223
5982,5982,Delivered,31,76
5983,5983,Delivered,72,139
5984,5984,Delivered,44,203
5985,5985,Delivered,30,231
5986,5986,Cancelled,0,263
5987,5987,Delivered,21,21
5988,5988,Cancelled,0,64
5989,5989,Delivered,26,112
5990,5990,Delivered,53,174
5991,5991,Delivered,53,292
5992,5992,Delivered,45,57
5993,5993,Delivered,71,163
5994,5994,Delivered,51,222
5995,5995,Delivered,23,165
5996,5996,Delivered,62,247
5997,5997,Out for Delivery,29,40
5998,5998,Delivered,32,174
5999,5999,Delivered,41,14
6000,6000,Delivered,75,70
6001,6001,Cancelled,0,163
6002,6002,Delivered,42,15
6003,6003,Out for Delivery,19,119
6004,6004,Delivered,53,216
6005,6005,Delivered,71,276
6006,6006,Delivered,32,143
6007,6007,Delivered,24,243
6008,6008,Delivered,56,261
6009,6009,Delivered,44,275
6010,6010,Delivered,71,87
6011,6011,Delivered,61,140
6012,6012,Delivered,21,289
6013,6013,Delivered,29,47
6014,6014,Delivered,25,190
6015,6015,Delivered,26,37
6016,6016,Delivered,53,230
6017,6017,Delivered,42,129
6018,6018,Delivered,59,59
6019,6019,Delivered,52,157
6020,6020,Out for Delivery,40,48
6021,6021,Delivered,27,259
6022,6022,Cancelled,0,15
6023,6023,Delivered,36,69
6024,6024,Delivered,27,103
6025,6025,Delivered,26,72
6026,6026,Delivered,63,280
6027,6027,Delivered,72,164
6028,6028,Delivered,31,11
6029,6029,Delivered,48,123
6030,6030,Delivered,47,198
6031,6031,Delivered,75,245
6032,6032,Delivered,71,197
6033,6033,Delivered,52,183
6034,6034,Delivered,70,147
6035,6035,Delivered,56,107
6036,6036,Delivered,44,234
6037,6037,Delivered,67,90
6038,6038,Delivered,25,88
6039,6039,Delivered,30,294
6040,6040,Delivered,61,214
6041,6041,Delivered,46,30
6042,6042,Delivered,73,298
6043,6043,Cancelled,0,239
6044,6044,Out for Delivery,31,13
6045,6045,Delivered,27,110
6046,6046,Delivered,47,254
6047,6047,Delivered,63,146
6048,6048,Delivered,27,222
6049,6049,Cancelled,0,66
6050,6050,Delivered,66,94
6051,6051,Delivered,52,197
6052,6052,Delivered,45,97
6053,6053,Delivered,50,199
6054,6054,Delivered,48,103
6055,6055,Delivered,41,300
6056,6056,Delivered,44,98
6057,6057,Out for Delivery,33,286
6058,6058,Delivered,22,276
6059,6059,Cancelled,0,192
6060,6060,Delivered,42,219
6061,6061,Delivered,57,226
6062,6062,Delivered,68,229
6063,6063,Cancelled,0,69
6064,6064,Delivered,21,236
6065,6065,Delivered,52,242
6066,6066,Delivered,71,282
6067,6067,Delivered,52,42
6068,6068,Delivered,54,164
6069,6069,Delivered,33,35
6070,6070,Out for Delivery,14,136
6071,6071,Delivered,29,38
6072,6072,Delivered,43,249
6073,6073,Delivered,42,233
6074,6074,Delivered,41,71
6075,6075,Delivered,69,197
6076,6076,Delivered,50,114
6077,6077,Delivered,38,218
6078,6078,Out for Delivery,21,72
6079,6079,Delivered,48,17
6080,6080,Delivered,40,224
6081,6081,Delivered,27,227
6082,6082,Delivered,53,15
6083,6083,Delivered,30,256
6084,6084,Cancelled,0,46
6085,6085,Delivered,63,26
6086,6086,Delivered,67,227
6087,6087,Cancelled,0,66
6088,6088,Delivered,70,142
6089,6089,Out for Delivery,13,71
6090,6090,Delivered,35,125
6091,6091,Delivered,61,69
6092,6092,Delivered,67,195
6093,6093,Cancelled,0,28
6094,6094,Delivered,25,268
6095,6095,Delivered,54,3
6096,6096,Delivered,31,9
6097,6097,Out for Delivery,22,13
6098,6098,Delivered,29,230
6099,6099,Delivered,59,28
6100,6100,Cancelled,0,67
6101,6101,Delivered,31,104
6102,6102,Delivered,66,60
6103,6103,Delivered,66,173
6104,6104,Delivered,39,162
6105,6105,Delivered,22,71
6106,6106,Delivered,23,232
6107,6107,Delivered,30,33
6108,6108,Delivered,67,290
6109,6109,Delivered,68,189
6110,6110,Delivered,48,35
6111,6111,Delivered,68,98
6112,6112,Delivered,62,182
6113,6113,Cancelled,0,159
6114,6114,Delivered,31,187
6115,6115,Delivered,45,283
6116,6116,Cancelled,0,71
6117,6117,Delivered,72,300
6118,6118,Delivered,24,126
6119,6119,Delivered,37,1
6120,6120,Delivered,59,11
6121,6121,Delivered,61,274
6122,6122,Delivered,25,291
6123,6123,Delivered,44,44
6124,6124,Delivered,32,105
6125,6125,Delivered,69,63
6126,6126,Delivered,51,98
6127,6127,Delivered,63,147
6128,6128,Delivered,65,204
6129,6129,Out for Delivery,27,33
6130,6130,Delivered,25,26
6131,6131,Delivered,26,208
6132,6132,Delivered,72,261
6133,6133,Delivered,42,39
6134,6134,Delivered,57,27
6135,6135,Delivered,64,122
6136,6136,Delivered,71,158
6137,6137,Delivered,47,15
6138,6138,Out for Delivery,36,41
6139,6139,Delivered,68,83
6140,6140,Delivered,61,201
6141,6141,Delivered,66,123
6142,6142,Out for Delivery,33,98
6143,6143,Delivered,55,246
6144,6144,Delivered,65,241
6145,6145,Delivered,56,229
6146,6146,Delivered,50,104
6147,6147,Delivered,48,94
6148,6148,Delivered,33,142
6149,6149,Delivered,60,22
6150,6150,Delivered,40,143
6151,6151,Cancelled,0,215
6152,6152,Delivered,31,152
6153,6153,Delivered,21,234
6154,6154,Delivered,24,57
6155,6155,Delivered,40,85
6156,6156,Delivered,27,76
6157,6157,Delivered,38,253
6158,6158,Delivered,49,15
6159,6159,Delivered,47,272
6160,6160,Delivered,49,55
6161,6161,Delivered,22,223
6162,6162,Delivered,46,149
6163,6163,Delivered,41,224
6164,6164,Delivered,72,26
6165,6165,Cancelled,0,204
6166,6166,Delivered,59,10
6167,6167,Delivered,33,237
6168,6168,Delivered,62,283
6169,6169,Delivered,57,109
6170,6170,Delivered,35,218
6171,6171,Delivered,39,244
6172,6172,Delivered,21,256
6173,6173,Delivered,48,222
6174,6174,Delivered,46,108
6175,6175,Out for Delivery,38,58
6176,6176,Delivered,74,222
6177,6177,Delivered,68,255
6178,6178,Delivered,74,266
6179,6179,Delivered,22,7
6180,6180,Delivered,58,244
6181,6181,Delivered,41,228
6182,6182,Delivered,31,195
6183,6183,Delivered,74,119
6184,6184,Cancelled,0,279
6185,6185,Delivered,44,74
6186,6186,Delivered,55,210
6187,6187,Cancelled,0,97
6188,6188,Delivered,70,226
6189,6189,Delivered,51,259
6190,6190,Delivered,62,217
6191,6191,Delivered,36,229
6192,6192,Delivered,34,187
6193,6193,Delivered,52,193
6194,6194,Delivered,65,284
6195,6195,Delivered,46,50
6196,6196,Delivered,52,21
6197,6197,Delivered,39,99
6198,6198,Delivered,58,205
6199,6199,Delivered,27,63
6200,6200,Delivered,32,202
6201,6201,Delivered,74,261
6202,6202,Delivered,59,8
6203,6203,Delivered,34,278
6204,6204,Delivered,52,285
6205,6205,Delivered,57,210
6206,6206,Delivered,57,162
6207,6207,Delivered,57,281
6208,6208,Delivered,74,183
6209,6209,Delivered,29,22
6210,6210,Delivered,64,170
6211,6211,Delivered,26,229
6212,6212,Out for Delivery,12,36
6213,6213,Delivered,66,124
6214,6214,Delivered,38,191
6215,6215,Delivered,23,37
6216,6216,Delivered,42,290
6217,6217,Delivered,58,14
6218,6218,Delivered,40,255
6219,6219,Delivered,66,137
6220,6220,Delivered,74,173
6221,6221,Delivered,44,132
6222,6222,Delivered,75,49
6223,6223,Delivered,24,45
6224,6224,Delivered,60,227
6225,6225,Delivered,50,43
6226,6226,Delivered,35,3
6227,6227,Delivered,63,87
6228,6228,Delivered,59,75
6229,6229,Delivered,41,149
6230,6230,Delivered,47,243
6231,6231,Cancelled,0,41
6232,6232,Out for Delivery,20,156
6233,6233,Delivered,53,284
6234,6234,Delivered,38,190
6235,6235,Delivered,31,224
6236,6236,Delivered,54,171
6237,6237,Delivered,33,222
6238,6238,Cancelled,0,270
6239,6239,Delivered,41,194
6240,6240,Delivered,22,29
6241,6241,Delivered,47,65
6242,6242,Delivered,25,25
6243,6243,Out for Delivery,40,142
6244,6244,Delivered,41,188
6245,6245,Delivered,59,270
6246,6246,Delivered,34,195
6247,6247,Delivered,27,155
6248,6248,Delivered,22,224
6249,6249,Out for Delivery,35,231
6250,6250,Delivered,68,150
6251,6251,Out for Delivery,28,128
6252,6252,Delivered,74,14
6253,6253,Delivered,75,188
6254,6254,Delivered,54,144
6255,6255,Delivered,52,273
6256,6256,Delivered,32,26
6257,6257,Delivered,59,238
6258,6258,Delivered,70,69
6259,6259,Delivered,66,271
6260,6260,Delivered,46,112
6261,6261,Out for Delivery,13,237
6262,6262,Delivered,29,250
6263,6263,Delivered,27,161
6264,6264,Delivered,66,57
6265,6265,Delivered,48,20
6266,6266,Delivered,20,238
6267,6267,Delivered,38,227
6268,6268,Delivered,40,194
6269,6269,Delivered,61,254
6270,6270,Delivered,55,20
6271,6271,Out for Delivery,23,122
6272,6272,Delivered,30,161
6273,6273,Delivered,25,145
6274,6274,Cancelled,0,68
6275,6275,Delivered,33,205
6276,6276,Delivered,38,2
6277,6277,Delivered,40,7
6278,6278,Delivered,57,279
6279,6279,Cancelled,0,276
6280,6280,Delivered,51,1
6281,6281,Delivered,49,181
6282,6282,Delivered,30,143
6283,6283,Delivered,35,107
6284,6284,Delivered,59,55
6285,6285,Delivered,68,280
6286,6286,Delivered,57,129
6287,6287,Delivered,65,247
6288,6288,Delivered,40,88
6289,6289,Delivered,73,79
6290,6290,Delivered,44,45
6291,6291,Delivered,42,259
6292,6292,Delivered,32,94
6293,6293,Cancelled,0,154
6294,6294,Cancelled,0,170
6295,6295,Out for Delivery,16,29
6296,6296,Delivered,64,131
6297,6297,Delivered,42,145
6298,6298,Delivered,46,291
6299,6299,Delivered,65,198
6300,6300,Delivered,52,124
6301,6301,Delivered,47,93
6302,6302,Delivered,27,92
6303,6303,Delivered,60,287
6304,6304,Delivered,75,153
6305,6305,Delivered,51,111
6306,6306,Cancelled,0,295
6307,6307,Delivered,38,126
6308,6308,Delivered,42,43
6309,6309,Delivered,72,267
6310,6310,Delivered,53,2
6311,6311,Out for Delivery,21,225
6312,6312,Delivered,41,143
6313,6313,Delivered,48,259
6314,6314,Delivered,53,50
6315,6315,Delivered,65,10
6316,6316,Delivered,24,261
6317,6317,Delivered,25,157
6318,6318,Delivered,57,53
6319,6319,Delivered,20,9
6320,6320,Delivered,40,197
6321,6321,Delivered,67,220
6322,6322,Delivered,43,14
6323,6323,Delivered,32,256
6324,6324,Delivered,75,19
6325,6325,Delivered,49,249
6326,6326,Delivered,61,142
6327,6327,Delivered,22,73
6328,6328,Delivered,40,284
6329,6329,Delivered,72,210
6330,6330,Delivered,24,188
6331,6331,Delivered,35,47
6332,6332,Delivered,41,180
6333,6333,Delivered,50,8
6334,6334,Delivered,57,246
6335,6335,Delivered,30,5
6336,6336,Delivered,53,300
6337,6337,Delivered,44,85
6338,6338,Delivered,49,249
6339,6339,Delivered,48,153
6340,6340,Delivered,72,59
6341,6341,Delivered,70,123
6342,6342,Delivered,70,239
6343,6343,Delivered,48,104
6344,6344,Delivered,49,47
6345,6345,Delivered,68,73
6346,6346,Delivered,29,263
6347,6347,Delivered,40,179
6348,6348,Delivered,60,107
6349,6349,Cancelled,0,134
6350,6350,Delivered,20,115
6351,6351,Delivered,71,51
6352,6352,Delivered,63,85
6353,6353,Out for Delivery,11,170
6354,6354,Delivered,40,165
6355,6355,Delivered,25,108
6356,6356,Delivered,20,299
6357,6357,Delivered,55,69
6358,6358,Out for Delivery,38,149
6359,6359,Delivered,63,192
6360,6360,Out for Delivery,26,65
6361,6361,Delivered,53,286
6362,6362,Delivered,72,139
6363,6363,Delivered,63,160
6364,6364,Delivered,56,252
6365,6365,Delivered,72,101
6366,6366,Delivered,36,202
6367,6367,Delivered,72,116
6368,6368,Cancelled,0,102
6369,6369,Delivered,41,248
6370,6370,Delivered,69,86
6371,6371,Delivered,33,5
6372,6372,Delivered,74,117
6373,6373,Delivered,25,80
6374,6374,Delivered,47,36
6375,6375,Delivered,29,118
6376,6376,Delivered,50,39
6377,6377,Delivered,39,104
6378,6378,Cancelled,0,228
6379,6379,Cancelled,0,149
6380,6380,Cancelled,0,192
6381,6381,Delivered,34,101
6382,6382,Delivered,38,151
6383,6383,Delivered,59,190
6384,6384,Delivered,44,4
6385,6385,Delivered,62,206
6386,6386,Delivered,61,215
6387,6387,Delivered,50,278
6388,6388,Delivered,73,207
6389,6389,Delivered,48,40
6390,6390,Delivered,38,135
6391,6391,Delivered,30,260
6392,6392,Delivered,61,161
6393,6393,Delivered,62,294
6394,6394,Delivered,30,297
6395,6395,Cancelled,0,222
6396,6396,Delivered,40,259
6397,6397,Delivered,71,210
6398,6398,Delivered,48,6
6399,6399,Cancelled,0,203
6400,6400,Delivered,59,273
6401,6401,Delivered,20,241
6402,6402,Delivered,68,228
6403,6403,Cancelled,0,88
6404,6404,Delivered,30,122
6405,6405,Delivered,23,150
6406,6406,Delivered,45,267
6407,6407,Delivered,73,256
6408,6408,Delivered,56,185
6409,6409,Delivered,24,66
6410,6410,Cancelled,0,128
6411,6411,Delivered,67,159
6412,6412,Delivered,49,92
6413,6413,Delivered,32,173
6414,6414,Delivered,29,29
6415,6415,Delivered,32,74
6416,6416,Delivered,40,215
6417,6417,Delivered,43,36
6418,6418,Delivered,69,86
6419,6419,Delivered,51,200
6420,6420,Out for Delivery,28,219
6421,6421,Delivered,61,207
6422,6422,Out for Delivery,25,269
6423,6423,Delivered,62,103
6424,6424,Delivered,35,268
6425,6425,Delivered,67,292
6426,6426,Delivered,22,266
6427,6427,Delivered,60,227
6428,6428,Delivered,40,189
6429,6429,Delivered,20,218
6430,6430,Delivered,43,249
6431,6431,Delivered,33,120
6432,6432,Delivered,36,122
6433,6433,Delivered,57,11
6434,6434,Delivered,69,90
6435,6435,Delivered,27,30
6436,6436,Delivered,56,104
6437,6437,Delivered,66,184
6438,6438,Delivered,49,26
6439,6439,Delivered,53,155
6440,6440,Out for Delivery,25,158
6441,6441,Delivered,38,170
6442,6442,Delivered,54,139
6443,6443,Delivered,57,92
6444,6444,Delivered,71,154
6445,6445,Delivered,58,293
6446,6446,Delivered,43,155
6447,6447,Delivered,50,96
6448,6448,Delivered,33,170
6449,6449,Delivered,29,271
6450,6450,Cancelled,0,195
6451,6451,Out for Delivery,20,42
6452,6452,Delivered,41,119
6453,6453,Delivered,71,153
6454,6454,Cancelled,0,242
6455,6455,Delivered,28,255
6456,6456,Delivered,28,152
6457,6457,Delivered,44,291
6458,6458,Delivered,69,144
6459,6459,Delivered,67,12
6460,6460,Delivered,30,66
6461,6461,Delivered,38,135
6462,6462,Cancelled,0,198
6463,6463,Delivered,61,132
6464,6464,Delivered,41,205
6465,6465,Delivered,32,18
6466,6466,Delivered,67,54
6467,6467,Delivered,72,189
6468,6468,Delivered,36,136
6469,6469,Out for Delivery,28,61
6470,6470,Delivered,57,194
6471,6471,Delivered,73,287
6472,6472,Delivered,60,285
6473,6473,Delivered,28,98
6474,6474,Delivered,58,5
6475,6475,Delivered,44,113
6476,6476,Delivered,52,232
6477,6477,Delivered,56,47
6478,6478,Delivered,70,190
6479,6479,Delivered,22,276
6480,6480,Delivered,30,175
6481,6481,Delivered,67,9
6482,6482,Delivered,56,96
6483,6483,Delivered,45,88
6484,6484,Delivered,48,130
6485,6485,Delivered,40,137
6486,6486,Delivered,68,259
6487,6487,Delivered,31,228
6488,6488,Cancelled,0,58
6489,6489,Delivered,55,43
6490,6490,Delivered,26,58
6491,6491,Delivered,29,213
6492,6492,Delivered,55,175
6493,6493,Out for Delivery,23,135
6494,6494,Cancelled,0,132
6495,6495,Cancelled,0,249
6496,6496,Cancelled,0,283
6497,6497,Delivered,46,140
6498,6498,Delivered,40,206
6499,6499,Delivered,27,179
6500,6500,Delivered,67,88
6501,6501,Delivered,40,169
6502,6502,Delivered,30,241
6503,6503,Delivered,64,244
6504,6504,Delivered,57,167
6505,6505,Delivered,29,237
6506,6506,Delivered,37,239
6507,6507,Delivered,38,234
6508,6508,Delivered,22,273
6509,6509,Delivered,38,291
6510,6510,Delivered,62,206
6511,6511,Delivered,29,236
6512,6512,Delivered,47,14
6513,6513,Cancelled,0,272
6514,6514,Delivered,54,144
6515,6515,Delivered,44,5
6516,6516,Delivered,29,63
6517,6517,Delivered,44,18
6518,6518,Delivered,65,66
6519,6519,Delivered,70,122
6520,6520,Delivered,50,66
6521,6521,Delivered,30,234
6522,6522,Delivered,57,187
6523,6523,Delivered,38,209
6524,6524,Delivered,71,149
6525,6525,Delivered,35,33
6526,6526,Delivered,73,268
6527,6527,Delivered,49,184
6528,6528,Delivered,42,256
6529,6529,Delivered,48,102
6530,6530,Delivered,37,16
6531,6531,Delivered,37,159
6532,6532,Delivered,65,119
6533,6533,Delivered,25,47
6534,6534,Delivered,36,190
6535,6535,Delivered,46,175
6536,6536,Delivered,60,65
6537,6537,Delivered,44,95
6538,6538,Delivered,46,147
6539,6539,Out for Delivery,26,30
6540,6540,Delivered,61,196
6541,6541,Delivered,67,184
6542,6542,Delivered,40,73
6543,6543,Delivered,32,167
6544,6544,Delivered,41,111
6545,6545,Delivered,65,200
6546,6546,Delivered,33,206
6547,6547,Delivered,75,289
6548,6548,Delivered,32,168
6549,6549,Delivered,36,281
6550,6550,Delivered,35,126
6551,6551,Delivered,30,255
6552,6552,Delivered,23,20
6553,6553,Delivered,68,100
6554,6554,Delivered,73,106
6555,6555,Delivered,54,2
6556,6556,Delivered,47,193
6557,6557,Delivered,65,130
6558,6558,Delivered,49,51
6559,6559,Delivered,49,246
6560,6560,Delivered,37,228
6561,6561,Delivered,54,281
6562,6562,Delivered,41,134
6563,6563,Cancelled,0,248
6564,6564,Delivered,54,215
6565,6565,Cancelled,0,186
6566,6566,Out for Delivery,27,162
6567,6567,Delivered,35,48
6568,6568,Delivered,35,126
6569,6569,Delivered,38,129
6570,6570,Out for Delivery,21,263
6571,6571,Delivered,29,166
6572,6572,Delivered,59,29
6573,6573,Delivered,69,248
6574,6574,Delivered,24,53
6575,6575,Delivered,72,123
6576,6576,Delivered,32,65
6577,6577,Delivered,53,152
6578,6578,Delivered,64,43
6579,6579,Delivered,49,174
6580,6580,Delivered,55,4
6581,6581,Delivered,54,23
6582,6582,Delivered,59,22
6583,6583,Delivered,53,158
6584,6584,Delivered,21,134
6585,6585,Delivered,45,233
6586,6586,Delivered,43,61
6587,6587,Delivered,24,139
6588,6588,Delivered,62,268
6589,6589,Delivered,46,158
6590,6590,Delivered,59,264
6591,6591,Delivered,61,242
6592,6592,Delivered,48,69
6593,6593,Delivered,21,56
6594,6594,Delivered,61,206
6595,6595,Delivered,38,270
6596,6596,Delivered,45,115
6597,6597,Delivered,42,200
6598,6598,Delivered,70,158
6599,6599,Delivered,20,129
6600,6600,Delivered,43,242
6601,6601,Delivered,29,134
6602,6602,Delivered,56,149
6603,6603,Delivered,21,191
6604,6604,Out for Delivery,12,96
6605,6605,Delivered,65,161
6606,6606,Cancelled,0,231
6607,6607,Cancelled,0,265
6608,6608,Delivered,70,124
6609,6609,Delivered,39,167
6610,6610,Delivered,66,220
6611,6611,Delivered,25,46
6612,6612,Delivered,72,96
6613,6613,Delivered,72,233
6614,6614,Delivered,65,225
6615,6615,Delivered,59,140
6616,6616,Delivered,44,57
6617,6617,Delivered,70,59
6618,6618,Cancelled,0,179
6619,6619,Delivered,57,178
6620,6620,Delivered,20,52
6621,6621,Delivered,64,140
6622,6622,Delivered,64,103
6623,6623,Delivered,62,158
6624,6624,Delivered,35,124
6625,6625,Delivered,64,44
6626,6626,Delivered,23,37
6627,6627,Delivered,64,191
6628,6628,Delivered,75,157
6629,6629,Delivered,60,260
6630,6630,Delivered,25,151
6631,6631,Delivered,46,123
6632,6632,Delivered,49,131
6633,6633,Delivered,71,184
6634,6634,Delivered,34,118
6635,6635,Delivered,54,250
6636,6636,Delivered,27,253
6637,6637,Delivered,35,172
6638,6638,Delivered,73,17
6639,6639,Delivered,48,140
6640,6640,Delivered,67,179
6641,6641,Delivered,64,175
6642,6642,Delivered,40,289
6643,6643,Delivered,53,172
6644,6644,Delivered,55,188
6645,6645,Delivered,71,94
6646,6646,Cancelled,0,258
6647,6647,Delivered,44,238
6648,6648,Delivered,63,26
6649,6649,Delivered,34,168
6650,6650,Delivered,66,69
6651,6651,Delivered,46,155
6652,6652,Delivered,65,167
6653,6653,Delivered,74,111
6654,6654,Delivered,23,291
6655,6655,Delivered,61,205
6656,6656,Delivered,64,100
6657,6657,Delivered,43,153
6658,6658,Delivered,31,216
6659,6659,Delivered,45,236
6660,6660,Delivered,64,183
6661,6661,Delivered,68,214
6662,6662,Delivered,33,12
6663,6663,Delivered,21,194
6664,6664,Delivered,33,156
6665,6665,Delivered,22,279
6666,6666,Delivered,43,162
6667,6667,Delivered,26,103
6668,6668,Delivered,75,45
6669,6669,Delivered,63,280
6670,6670,Delivered,66,200
6671,6671,Delivered,72,147
6672,6672,Cancelled,0,283
6673,6673,Delivered,74,104
6674,6674,Delivered,63,93
6675,6675,Delivered,37,40
6676,6676,Delivered,64,110
6677,6677,Delivered,62,265
6678,6678,Delivered,68,13
6679,6679,Delivered,53,78
6680,6680,Delivered,33,101
6681,6681,Delivered,74,282
6682,6682,Delivered,45,129
6683,6683,Delivered,50,56
6684,6684,Delivered,41,167
6685,6685,Delivered,62,170
6686,6686,Delivered,54,95
6687,6687,Delivered,61,260
6688,6688,Delivered,26,248
6689,6689,Cancelled,0,142
6690,6690,Delivered,55,299
6691,6691,Delivered,58,187
6692,6692,Delivered,25,249
6693,6693,Delivered,45,80
6694,6694,Delivered,52,208
6695,6695,Delivered,59,186
6696,6696,Cancelled,0,171
6697,6697,Delivered,46,111
6698,6698,Delivered,60,81
6699,6699,Cancelled,0,38
6700,6700,Delivered,53,183
6701,6701,Delivered,55,225
6702,6702,Delivered,68,38
6703,6703,Delivered,60,224
6704,6704,Delivered,40,25
6705,6705,Delivered,35,258
6706,6706,Cancelled,0,57
6707,6707,Delivered,75,209
6708,6708,Delivered,71,256
6709,6709,Delivered,28,210
6710,6710,Delivered,21,80
6711,6711,Delivered,67,141
6712,6712,Delivered,65,290
6713,6713,Delivered,20,112
6714,6714,Delivered,51,98
6715,6715,Delivered,66,104
6716,6716,Delivered,27,208
6717,6717,Cancelled,0,127
6718,6718,Delivered,66,124
6719,6719,Delivered,65,87
6720,6720,Delivered,42,212
6721,6721,Delivered,28,273
6722,6722,Delivered,38,116
6723,6723,Delivered,23,96
6724,6724,Delivered,57,138
6725,6725,Delivered,37,192
6726,6726,Delivered,61,103
6727,6727,Cancelled,0,162
6728,6728,Delivered,55,300
6729,6729,Delivered,56,259
6730,6730,Delivered,71,254
6731,6731,Delivered,74,298
6732,6732,Delivered,52,54
6733,6733,Delivered,23,295
6734,6734,Delivered,74,107
6735,6735,Delivered,32,42
6736,6736,Delivered,65,181
6737,6737,Out for Delivery,35,65
6738,6738,Delivered,33,195
6739,6739,Delivered,69,44
6740,6740,Cancelled,0,205
6741,6741,Delivered,23,280
6742,6742,Delivered,51,137
6743,6743,Delivered,32,74
6744,6744,Cancelled,0,152
6745,6745,Delivered,52,260
6746,6746,Cancelled,0,202
6747,6747,Delivered,65,228
6748,6748,Cancelled,0,139
6749,6749,Delivered,67,75
6750,6750,Delivered,43,247
6751,6751,Delivered,28,257
6752,6752,Delivered,51,174
6753,6753,Delivered,36,188
6754,6754,Delivered,48,174
6755,6755,Delivered,31,29
6756,6756,Delivered,67,120
6757,6757,Delivered,49,117
6758,6758,Delivered,34,122
6759,6759,Delivered,66,98
6760,6760,Delivered,51,73
6761,6761,Delivered,28,146
6762,6762,Delivered,58,107
6763,6763,Delivered,40,232
6764,6764,Delivered,54,133
6765,6765,Delivered,29,101
6766,6766,Delivered,60,31
6767,6767,Delivered,43,111
6768,6768,Delivered,73,265
6769,6769,Delivered,60,270
6770,6770,Delivered,34,154
6771,6771,Cancelled,0,9
6772,6772,Delivered,42,276
6773,6773,Delivered,34,212
6774,6774,Delivered,27,98
6775,6775,Delivered,26,284
6776,6776,Delivered,32,177
6777,6777,Delivered,21,293
6778,6778,Delivered,42,239
6779,6779,Delivered,23,118
6780,6780,Delivered,59,207
6781,6781,Delivered,68,216
6782,6782,Delivered,51,244
6783,6783,Cancelled,0,287
6784,6784,Delivered,21,1
6785,6785,Delivered,62,232
6786,6786,Delivered,56,120
6787,6787,Delivered,65,75
6788,6788,Delivered,61,209
6789,6789,Delivered,33,296
6790,6790,Delivered,57,91
6791,6791,Delivered,40,224
6792,6792,Delivered,72,193
6793,6793,Delivered,22,241
6794,6794,Delivered,62,186
6795,6795,Cancelled,0,241
6796,6796,Delivered,27,90
6797,6797,Delivered,47,66
6798,6798,Delivered,36,174
6799,6799,Delivered,46,268
6800,6800,Out for Delivery,11,137
6801,6801,Delivered,37,251
6802,6802,Delivered,49,108
6803,6803,Delivered,73,191
6804,6804,Delivered,66,58
6805,6805,Delivered,51,112
6806,6806,Delivered,35,268
6807,6807,Delivered,21,155
6808,6808,Cancelled,0,171
6809,6809,Delivered,58,210
6810,6810,Delivered,24,257
6811,6811,Delivered,35,242
6812,6812,Delivered,69,280
6813,6813,Out for Delivery,17,181
6814,6814,Delivered,69,249
6815,6815,Out for Delivery,12,30
6816,6816,Delivered,51,37
6817,6817,Delivered,38,221
6818,6818,Delivered,34,198
6819,6819,Delivered,65,195
6820,6820,Delivered,68,129
6821,6821,Cancelled,0,227
6822,6822,Delivered,68,281
6823,6823,Delivered,32,190
6824,6824,Delivered,27,87
6825,6825,Delivered,45,223
6826,6826,Delivered,52,108
6827,6827,Delivered,71,64
6828,6828,Delivered,29,192
6829,6829,Delivered,68,250
6830,6830,Delivered,66,29
6831,6831,Delivered,27,253
6832,6832,Cancelled,0,251
6833,6833,Out for Delivery,29,256
6834,6834,Delivered,39,157
6835,6835,Delivered,62,50
6836,6836,Delivered,54,129
6837,6837,Delivered,27,207
6838,6838,Delivered,29,222
6839,6839,Delivered,28,72
6840,6840,Delivered,65,180
6841,6841,Delivered,40,87
6842,6842,Delivered,49,100
6843,6843,Delivered,47,129
6844,6844,Delivered,44,22
6845,6845,Delivered,55,85
6846,6846,Delivered,33,119
6847,6847,Out for Delivery,16,147
6848,6848,Delivered,48,58
6849,6849,Delivered,48,190
6850,6850,Delivered,28,61
6851,6851,Delivered,54,72
6852,6852,Delivered,44,50
6853,6853,Delivered,46,35
6854,6854,Delivered,71,217
6855,6855,Delivered,65,56
6856,6856,Delivered,48,9
6857,6857,Delivered,66,208
6858,6858,Delivered,30,77
6859,6859,Delivered,39,204
6860,6860,Delivered,58,258
6861,6861,Delivered,48,67
6862,6862,Delivered,51,266
6863,6863,Delivered,44,235
6864,6864,Delivered,33,298
6865,6865,Delivered,49,97
6866,6866,Delivered,39,140
6867,6867,Delivered,63,107
6868,6868,Delivered,54,132
6869,6869,Delivered,64,154
6870,6870,Delivered,30,167
6871,6871,Delivered,24,52
6872,6872,Delivered,37,224
6873,6873,Delivered,55,2
6874,6874,Delivered,64,221
6875,6875,Delivered,67,75
6876,6876,Delivered,40,275
6877,6877,Delivered,25,141
6878,6878,Delivered,73,233
6879,6879,Delivered,70,7
6880,6880,Delivered,48,239
6881,6881,Delivered,34,13
6882,6882,Delivered,22,125
6883,6883,Delivered,56,131
6884,6884,Delivered,64,127
6885,6885,Cancelled,0,8
6886,6886,Delivered,23,120
6887,6887,Delivered,20,239
6888,6888,Out for Delivery,27,98
6889,6889,Delivered,67,52
6890,6890,Delivered,30,289
6891,6891,Cancelled,0,264
6892,6892,Delivered,52,201
6893,6893,Delivered,56,94
6894,6894,Delivered,40,144
6895,6895,Delivered,34,133
6896,6896,Delivered,39,165
6897,6897,Delivered,26,282
6898,6898,Delivered,48,98
6899,6899,Delivered,66,93
6900,6900,Delivered,38,154
6901,6901,Delivered,64,15
6902,6902,Delivered,58,19
6903,6903,Delivered,56,258
6904,6904,Delivered,71,4
6905,6905,Delivered,48,32
6906,6906,Delivered,49,202
6907,6907,Delivered,24,259
6908,6908,Delivered,33,49
6909,6909,Delivered,68,98
6910,6910,Delivered,20,200
6911,6911,Delivered,35,174
6912,6912,Delivered,67,29
6913,6913,Delivered,28,62
6914,6914,Delivered,22,211
6915,6915,Delivered,72,248
6916,6916,Delivered,60,85
6917,6917,Delivered,39,265
6918,6918,Delivered,29,214
6919,6919,Delivered,64,184
6920,6920,Delivered,63,188
6921,6921,Delivered,49,213
6922,6922,Delivered,45,139
6923,6923,Delivered,73,149
6924,6924,Delivered,23,124
6925,6925,Delivered,61,249
6926,6926,Delivered,40,62
6927,6927,Cancelled,0,185
6928,6928,Out for Delivery,34,229
6929,6929,Out for Delivery,27,37
6930,6930,Delivered,64,239
6931,6931,Delivered,38,114
6932,6932,Cancelled,0,5
6933,6933,Cancelled,0,96
6934,6934,Delivered,62,116
6935,6935,Delivered,24,179
6936,6936,Delivered,69,93
6937,6937,Delivered,30,284
6938,6938,Delivered,41,260
6939,6939,Delivered,70,8
6940,6940,Delivered,48,109
6941,6941,Delivered,62,175
6942,6942,Delivered,40,74
6943,6943,Delivered,29,298
6944,6944,Delivered,45,211
6945,6945,Delivered,41,275
6946,6946,Delivered,61,212
6947,6947,Out for Delivery,17,137
6948,6948,Delivered,35,203
6949,6949,Delivered,51,97
6950,6950,Cancelled,0,290
6951,6951,Delivered,29,42
6952,6952,Cancelled,0,299
6953,6953,Delivered,35,58
6954,6954,Delivered,64,90
6955,6955,Delivered,20,76
6956,6956,Delivered,52,242
6957,6957,Delivered,74,35
6958,6958,Delivered,26,104
6959,6959,Delivered,54,146
6960,6960,Delivered,53,141
6961,6961,Delivered,65,90
6962,6962,Delivered,46,19
6963,6963,Out for Delivery,26,115
6964,6964,Out for Delivery,36,188
6965,6965,Cancelled,0,137
6966,6966,Delivered,61,237
6967,6967,Delivered,40,299
6968,6968,Cancelled,0,188
6969,6969,Delivered,61,288
6970,6970,Delivered,26,127
6971,6971,Delivered,68,211
6972,6972,Delivered,65,45
6973,6973,Delivered,33,53
6974,6974,Cancelled,0,148
6975,6975,Delivered,54,133
6976,6976,Delivered,64,277
6977,6977,Delivered,24,159
6978,6978,Delivered,32,98
6979,6979,Delivered,61,175
6980,6980,Delivered,47,200
6981,6981,Delivered,21,99
6982,6982,Out for Delivery,22,82
6983,6983,Delivered,75,268
6984,6984,Delivered,51,132
6985,6985,Delivered,22,245
6986,6986,Delivered,31,297
6987,6987,Delivered,54,3
6988,6988,Delivered,24,212
6989,6989,Delivered,56,121
6990,6990,Out for Delivery,20,19
6991,6991,Delivered,44,290
6992,6992,Delivered,74,252
6993,6993,Delivered,69,66
6994,6994,Delivered,45,175
6995,6995,Delivered,58,95
6996,6996,Delivered,35,75
6997,6997,Delivered,71,194
6998,6998,Delivered,66,238
6999,6999,Delivered,28,189
7000,7000,Delivered,40,297
7001,7001,Cancelled,0,11
7002,7002,Delivered,46,113
7003,7003,Delivered,75,268
7004,7004,Out for Delivery,17,84
7005,7005,Delivered,23,212
7006,7006,Delivered,69,198
7007,7007,Delivered,24,182
7008,7008,Delivered,41,280
7009,7009,Delivered,60,262
7010,7010,Delivered,74,286
7011,7011,Delivered,33,40
7012,7012,Delivered,42,43
7013,7013,Delivered,75,67
7014,7014,Delivered,64,215
7015,7015,Delivered,60,132
7016,7016,Delivered,31,119
7017,7017,Delivered,29,119
7018,7018,Delivered,43,186
7019,7019,Delivered,22,71
7020,7020,Delivered,62,2
7021,7021,Delivered,63,189
7022,7022,Delivered,29,219
7023,7023,Delivered,30,135
7024,7024,Cancelled,0,275
7025,7025,Delivered,44,51
7026,7026,Delivered,66,220
7027,7027,Delivered,72,87
7028,7028,Delivered,31,252
7029,7029,Delivered,35,279
7030,7030,Delivered,28,149
7031,7031,Delivered,40,187
7032,7032,Delivered,43,113
7033,7033,Delivered,56,244
7034,7034,Delivered,64,35
7035,7035,Delivered,71,179
7036,7036,Delivered,47,242
7037,7037,Cancelled,0,128
7038,7038,Delivered,61,97
7039,7039,Delivered,30,168
7040,7040,Delivered,34,242
7041,7041,Delivered,33,19
7042,7042,Out for Delivery,24,84
7043,7043,Out for Delivery,39,279
7044,7044,Delivered,25,166
7045,7045,Delivered,31,278
7046,7046,Delivered,74,236
7047,7047,Delivered,37,28
7048,7048,Delivered,48,38
7049,7049,Delivered,28,149
7050,7050,Delivered,30,22
7051,7051,Delivered,52,269
7052,7052,Delivered,50,35
7053,7053,Delivered,45,85
7054,7054,Delivered,41,110
7055,7055,Delivered,64,259
7056,7056,Delivered,34,20
7057,7057,Delivered,65,176
7058,7058,Cancelled,0,264
7059,7059,Delivered,41,155
7060,7060,Delivered,44,206
7061,7061,Delivered,50,30
7062,7062,Delivered,47,57
7063,7063,Delivered,73,144
7064,7064,Delivered,70,28
7065,7065,Delivered,66,27
7066,7066,Delivered,33,40
7067,7067,Delivered,30,52
7068,7068,Delivered,66,166
7069,7069,Delivered,56,277
7070,7070,Delivered,63,99
7071,7071,Out for Delivery,20,104
7072,7072,Delivered,36,121
7073,7073,Delivered,41,32
7074,7074,Delivered,48,106
7075,7075,Delivered,51,142
7076,7076,Cancelled,0,162
7077,7077,Delivered,50,296
7078,7078,Out for Delivery,22,65
7079,7079,Delivered,25,38
7080,7080,Cancelled,0,102
7081,7081,Out for Delivery,20,277
7082,7082,Delivered,21,123
7083,7083,Delivered,49,300
7084,7084,Delivered,30,51
7085,7085,Out for Delivery,14,247
7086,7086,Cancelled,0,196
7087,7087,Delivered,54,279
7088,7088,Delivered,54,249
7089,7089,Delivered,50,271
7090,7090,Delivered,31,13
7091,7091,Cancelled,0,106
7092,7092,Delivered,74,121
7093,7093,Delivered,35,152
7094,7094,Delivered,46,198
7095,7095,Delivered,45,167
7096,7096,Delivered,35,189
7097,7097,Delivered,47,30
7098,7098,Delivered,53,171
7099,7099,Delivered,30,229
7100,7100,Delivered,62,275
7101,7101,Delivered,26,52
7102,7102,Delivered,40,270
7103,7103,Cancelled,0,260
7104,7104,Delivered,73,295
7105,7105,Delivered,37,210
7106,7106,Delivered,63,133
7107,7107,Delivered,57,45
7108,7108,Out for Delivery,35,9
7109,7109,Delivered,74,156
7110,7110,Delivered,54,12
7111,7111,Delivered,54,108
7112,7112,Out for Delivery,20,300
7113,7113,Delivered,68,177
7114,7114,Delivered,20,169
7115,7115,Delivered,45,254
7116,7116,Delivered,23,270
7117,7117,Delivered,53,288
7118,7118,Delivered,67,51
7119,7119,Delivered,66,43
7120,7120,Delivered,42,2
7121,7121,Delivered,74,180
7122,7122,Delivered,69,63
7123,7123,Delivered,44,300
7124,7124,Delivered,35,260
7125,7125,Delivered,23,82
7126,7126,Delivered,42,90
7127,7127,Delivered,68,239
7128,7128,Delivered,64,298
7129,7129,Delivered,28,227
7130,7130,Delivered,55,39
7131,7131,Out for Delivery,14,36
7132,7132,Delivered,46,132
7133,7133,Delivered,29,200
7134,7134,Delivered,30,1
7135,7135,Delivered,30,209
7136,7136,Delivered,62,162
7137,7137,Delivered,69,179
7138,7138,Delivered,24,58
7139,7139,Delivered,69,48
7140,7140,Delivered,63,188
7141,7141,Delivered,58,106
7142,7142,Delivered,72,67
7143,7143,Delivered,67,260
7144,7144,Delivered,45,135
7145,7145,Out for Delivery,14,157
7146,7146,Delivered,20,278
7147,7147,Delivered,65,117
7148,7148,Delivered,31,24
7149,7149,Delivered,51,58
7150,7150,Delivered,64,149
7151,7151,Delivered,36,41
7152,7152,Delivered,36,98
7153,7153,Delivered,59,208
7154,7154,Delivered,49,196
7155,7155,Delivered,43,187
7156,7156,Delivered,35,18
7157,7157,Delivered,28,210
7158,7158,Out for Delivery,32,88
7159,7159,Delivered,47,180
7160,7160,Delivered,28,62
7161,7161,Delivered,60,249
7162,7162,Delivered,55,82
7163,7163,Delivered,30,108
7164,7164,Out for Delivery,34,122
7165,7165,Delivered,60,4
7166,7166,Delivered,66,197
7167,7167,Delivered,46,200
7168,7168,Delivered,74,229
7169,7169,Delivered,55,236
7170,7170,Delivered,64,30
7171,7171,Delivered,40,102
7172,7172,Delivered,68,37
7173,7173,Cancelled,0,227
7174,7174,Delivered,46,26
7175,7175,Out for Delivery,27,283
7176,7176,Delivered,52,286
7177,7177,Delivered,21,268
7178,7178,Delivered,55,281
7179,7179,Delivered,49,270
7180,7180,Delivered,71,120
7181,7181,Delivered,50,160
7182,7182,Delivered,30,229
7183,7183,Delivered,23,117
7184,7184,Delivered,72,47
7185,7185,Cancelled,0,102
7186,7186,Delivered,71,160
7187,7187,Delivered,33,136
7188,7188,Delivered,75,275
7189,7189,Delivered,27,160
7190,7190,Cancelled,0,250
7191,7191,Delivered,56,168
7192,7192,Delivered,36,188
7193,7193,Delivered,68,130
7194,7194,Out for Delivery,23,75
7195,7195,Delivered,66,219
7196,7196,Delivered,53,110
7197,7197,Delivered,32,27
7198,7198,Delivered,28,84
7199,7199,Delivered,24,253
7200,7200,Delivered,22,87
7201,7201,Delivered,44,193
7202,7202,Delivered,72,7
7203,7203,Delivered,71,189
7204,7204,Delivered,43,197
7205,7205,Cancelled,0,66
7206,7206,Delivered,56,63
7207,7207,Delivered,20,154
7208,7208,Delivered,21,125
7209,7209,Delivered,74,275
7210,7210,Delivered,52,8
7211,7211,Delivered,25,58
7212,7212,Delivered,68,52
7213,7213,Delivered,45,284
7214,7214,Delivered,24,238
7215,7215,Delivered,49,240
7216,7216,Delivered,39,52
7217,7217,Delivered,31,33
7218,7218,Delivered,50,37
7219,7219,Delivered,28,244
7220,7220,Delivered,50,151
7221,7221,Delivered,44,204
7222,7222,Delivered,25,175
7223,7223,Cancelled,0,107
7224,7224,Cancelled,0,46
7225,7225,Out for Delivery,28,22
7226,7226,Delivered,63,36
7227,7227,Cancelled,0,26
7228,7228,Delivered,37,97
7229,7229,Delivered,29,264
7230,7230,Delivered,49,71
7231,7231,Delivered,68,225
7232,7232,Delivered,51,48
7233,7233,Delivered,34,226
7234,7234,Out for Delivery,38,284
7235,7235,Delivered,49,43
7236,7236,Delivered,20,64
7237,7237,Delivered,29,122
7238,7238,Delivered,37,258
7239,7239,Delivered,22,244
7240,7240,Delivered,63,164
7241,7241,Delivered,67,73
7242,7242,Out for Delivery,29,114
7243,7243,Delivered,21,112
7244,7244,Delivered,48,141
7245,7245,Cancelled,0,159
7246,7246,Delivered,57,4
7247,7247,Delivered,59,100
7248,7248,Delivered,47,78
7249,7249,Delivered,72,213
7250,7250,Out for Delivery,12,296
7251,7251,Delivered,32,39
7252,7252,Delivered,60,232
7253,7253,Delivered,41,123
7254,7254,Delivered,29,90
7255,7255,Delivered,31,157
7256,7256,Delivered,53,20
7257,7257,Delivered,47,292
7258,7258,Delivered,51,217
7259,7259,Delivered,27,287
7260,7260,Cancelled,0,292
7261,7261,Delivered,40,224
7262,7262,Delivered,50,65
7263,7263,Delivered,59,261
7264,7264,Delivered,70,130
7265,7265,Delivered,30,12
7266,7266,Delivered,59,224
7267,7267,Out for Delivery,27,163
7268,7268,Delivered,39,206
7269,7269,Delivered,27,176
7270,7270,Delivered,43,108
7271,7271,Delivered,43,273
7272,7272,Delivered,65,179
7273,7273,Delivered,66,133
7274,7274,Delivered,72,220
7275,7275,Delivered,65,221
7276,7276,Delivered,54,226
7277,7277,Delivered,31,204
7278,7278,Cancelled,0,183
7279,7279,Delivered,66,279
7280,7280,Delivered,62,163
7281,7281,Delivered,41,1
7282,7282,Delivered,68,269
7283,7283,Delivered,56,54
7284,7284,Delivered,59,129
7285,7285,Delivered,73,171
7286,7286,Delivered,39,115
7287,7287,Delivered,62,250
7288,7288,Delivered,46,183
7289,7289,Delivered,20,299
7290,7290,Delivered,23,299
7291,7291,Delivered,59,61
7292,7292,Delivered,35,228
7293,7293,Delivered,51,164
7294,7294,Delivered,66,129
7295,7295,Delivered,63,78
7296,7296,Out for Delivery,20,128
7297,7297,Delivered,23,198
7298,7298,Delivered,70,122
7299,7299,Delivered,71,100
7300,7300,Delivered,38,12
7301,7301,Delivered,49,45
7302,7302,Cancelled,0,60
7303,7303,Delivered,25,232
7304,7304,Delivered,51,189
7305,7305,Delivered,26,72
7306,7306,Delivered,64,160
7307,7307,Delivered,24,134
7308,7308,Cancelled,0,13
7309,7309,Delivered,51,297
7310,7310,Delivered,74,210
7311,7311,Delivered,39,296
7312,7312,Delivered,75,275
7313,7313,Delivered,36,229
7314,7314,Delivered,51,247
7315,7315,Out for Delivery,36,222
7316,7316,Delivered,61,281
7317,7317,Delivered,29,283
7318,7318,Delivered,59,249
7319,7319,Delivered,46,90
7320,7320,Delivered,57,13
7321,7321,Delivered,52,203
7322,7322,Delivered,75,232
7323,7323,Delivered,63,74
7324,7324,Delivered,24,137
7325,7325,Delivered,44,78
7326,7326,Delivered,72,188
7327,7327,Delivered,56,13
7328,7328,Cancelled,0,296
7329,7329,Delivered,40,104
7330,7330,Delivered,40,35
7331,7331,Delivered,35,259
7332,7332,Delivered,54,98
7333,7333,Delivered,62,273
7334,7334,Delivered,48,76
7335,7335,Delivered,75,191
7336,7336,Delivered,72,11
7337,7337,Delivered,38,215
7338,7338,Out for Delivery,18,173
7339,7339,Delivered,67,291
7340,7340,Delivered,22,258
7341,7341,Delivered,48,123
7342,7342,Delivered,52,31
7343,7343,Delivered,29,174
7344,7344,Delivered,46,109
7345,7345,Delivered,41,93
7346,7346,Delivered,54,253
7347,7347,Delivered,75,195
7348,7348,Delivered,39,294
7349,7349,Delivered,48,138
7350,7350,Delivered,56,222
7351,7351,Delivered,61,222
7352,7352,Delivered,28,150
7353,7353,Out for Delivery,11,212
7354,7354,Delivered,66,225
7355,7355,Delivered,64,133
7356,7356,Delivered,71,136
7357,7357,Delivered,65,23
7358,7358,Delivered,54,211
7359,7359,Delivered,29,57
7360,7360,Delivered,68,225
7361,7361,Delivered,45,246
7362,7362,Delivered,41,222
7363,7363,Delivered,55,231
7364,7364,Delivered,39,195
7365,7365,Delivered,71,272
7366,7366,Delivered,21,240
7367,7367,Delivered,58,37
7368,7368,Delivered,38,292
7369,7369,Delivered,45,274
7370,7370,Delivered,55,138
7371,7371,Delivered,33,166
7372,7372,Cancelled,0,143
7373,7373,Delivered,55,255
7374,7374,Delivered,47,75
7375,7375,Delivered,54,25
7376,7376,Out for Delivery,23,232
7377,7377,Delivered,32,2
7378,7378,Delivered,64,6
7379,7379,Delivered,73,113
7380,7380,Delivered,31,103
7381,7381,Delivered,53,72
7382,7382,Delivered,63,284
7383,7383,Delivered,65,102
7384,7384,Delivered,30,80
7385,7385,Delivered,64,134
7386,7386,Delivered,22,292
7387,7387,Delivered,39,89
7388,7388,Delivered,31,165
7389,7389,Delivered,38,135
7390,7390,Delivered,63,272
7391,7391,Delivered,34,83
7392,7392,Delivered,69,293
7393,7393,Delivered,57,183
7394,7394,Delivered,39,105
7395,7395,Delivered,60,283
7396,7396,Cancelled,0,254
7397,7397,Delivered,54,291
7398,7398,Delivered,55,41
7399,7399,Delivered,45,120
7400,7400,Delivered,71,127
7401,7401,Delivered,24,120
7402,7402,Delivered,70,241
7403,7403,Cancelled,0,26
7404,7404,Delivered,69,275
7405,7405,Delivered,56,17
7406,7406,Delivered,60,284
7407,7407,Delivered,21,240
7408,7408,Delivered,75,14
7409,7409,Delivered,50,265
7410,7410,Delivered,61,33
7411,7411,Delivered,30,85
7412,7412,Delivered,25,167
7413,7413,Delivered,39,286
7414,7414,Cancelled,0,200
7415,7415,Out for Delivery,37,163
7416,7416,Delivered,30,175
7417,7417,Delivered,37,184
7418,7418,Delivered,41,113
7419,7419,Out for Delivery,27,240
7420,7420,Delivered,70,47
7421,7421,Delivered,47,212
7422,7422,Delivered,25,276
7423,7423,Delivered,37,300
7424,7424,Delivered,31,145
7425,7425,Cancelled,0,144
7426,7426,Delivered,71,48
7427,7427,Delivered,27,84
7428,7428,Delivered,28,191
7429,7429,Delivered,23,178
7430,7430,Delivered,21,46
7431,7431,Delivered,55,65
7432,7432,Delivered,51,183
7433,7433,Delivered,23,204
7434,7434,Delivered,58,51
7435,7435,Delivered,43,21
7436,7436,Delivered,33,128
7437,7437,Delivered,73,42
7438,7438,Cancelled,0,58
7439,7439,Delivered,55,200
7440,7440,Delivered,54,183
7441,7441,Delivered,30,232
7442,7442,Delivered,62,95
7443,7443,Delivered,59,190
7444,7444,Delivered,34,221
7445,7445,Delivered,37,299
7446,7446,Delivered,52,187
7447,7447,Delivered,53,49
7448,7448,Delivered,28,86
7449,7449,Delivered,64,230
7450,7450,Delivered,45,127
7451,7451,Delivered,56,98
7452,7452,Delivered,55,1
7453,7453,Delivered,55,225
7454,7454,Delivered,33,244
7455,7455,Delivered,21,70
7456,7456,Delivered,45,220
7457,7457,Delivered,22,181
7458,7458,Delivered,50,115
7459,7459,Delivered,73,165
7460,7460,Delivered,45,143
7461,7461,Out for Delivery,23,100
7462,7462,Cancelled,0,157
7463,7463,Cancelled,0,243
7464,7464,Out for Delivery,19,256
7465,7465,Delivered,39,73
7466,7466,Delivered,50,208
7467,7467,Delivered,43,16
7468,7468,Delivered,26,258
7469,7469,Delivered,28,102
7470,7470,Cancelled,0,229
7471,7471,Out for Delivery,34,62
7472,7472,Delivered,67,207
7473,7473,Delivered,59,84
7474,7474,Delivered,58,169
7475,7475,Delivered,21,92
7476,7476,Delivered,48,197
7477,7477,Delivered,21,58
7478,7478,Delivered,28,100
7479,7479,Delivered,40,202
7480,7480,Delivered,42,62
7481,7481,Delivered,25,181
7482,7482,Delivered,21,6
7483,7483,Delivered,47,91
7484,7484,Delivered,73,296
7485,7485,Delivered,47,123
7486,7486,Delivered,53,127
7487,7487,Delivered,24,175
7488,7488,Delivered,52,83
7489,7489,Delivered,73,172
7490,7490,Delivered,25,275
7491,7491,Delivered,28,288
7492,7492,Delivered,64,77
7493,7493,Delivered,62,84
7494,7494,Delivered,32,89
7495,7495,Delivered,74,21
7496,7496,Delivered,59,20
7497,7497,Delivered,71,120
7498,7498,Delivered,52,294
7499,7499,Delivered,39,233
7500,7500,Delivered,36,217
7501,7501,Delivered,51,61
7502,7502,Delivered,20,298
7503,7503,Delivered,73,192
7504,7504,Cancelled,0,7
7505,7505,Delivered,23,229
7506,7506,Delivered,29,260
7507,7507,Delivered,68,260
7508,7508,Delivered,74,134
7509,7509,Delivered,52,74
7510,7510,Delivered,21,148
7511,7511,Delivered,30,167
7512,7512,Delivered,73,132
7513,7513,Delivered,65,59
7514,7514,Delivered,30,241
7515,7515,Delivered,47,49
7516,7516,Delivered,52,286
7517,7517,Delivered,40,72
7518,7518,Delivered,56,11
7519,7519,Delivered,74,286
7520,7520,Delivered,42,85
7521,7521,Delivered,53,237
7522,7522,Out for Delivery,18,55
7523,7523,Cancelled,0,237
7524,7524,Delivered,65,181
7525,7525,Delivered,52,216
7526,7526,Delivered,37,212
7527,7527,Out for Delivery,28,170
7528,7528,Delivered,56,273
7529,7529,Delivered,25,191
7530,7530,Delivered,53,125
7531,7531,Out for Delivery,21,299
7532,7532,Delivered,60,215
7533,7533,Delivered,52,54
7534,7534,Delivered,73,277
7535,7535,Delivered,42,51
7536,7536,Delivered,68,12
7537,7537,Delivered,36,174
7538,7538,Delivered,66,64
7539,7539,Delivered,65,222
7540,7540,Delivered,75,84
7541,7541,Delivered,28,144
7542,7542,Cancelled,0,109
7543,7543,Delivered,62,205
7544,7544,Delivered,43,210
7545,7545,Delivered,20,151
7546,7546,Out for Delivery,27,47
7547,7547,Delivered,54,177
7548,7548,Delivered,24,11
7549,7549,Delivered,39,30
7550,7550,Delivered,67,107
7551,7551,Out for Delivery,19,117
7552,7552,Delivered,69,147
7553,7553,Delivered,39,55
7554,7554,Delivered,24,27
7555,7555,Cancelled,0,297
7556,7556,Delivered,27,131
7557,7557,Delivered,47,183
7558,7558,Delivered,57,32
7559,7559,Delivered,49,121
7560,7560,Delivered,52,181
7561,7561,Delivered,38,171
7562,7562,Delivered,74,34
7563,7563,Cancelled,0,235
7564,7564,Delivered,30,82
7565,7565,Delivered,64,177
7566,7566,Delivered,52,226
7567,7567,Delivered,35,111
7568,7568,Delivered,70,172
7569,7569,Delivered,33,262
7570,7570,Delivered,73,1
7571,7571,Delivered,24,103
7572,7572,Delivered,53,145
7573,7573,Delivered,24,270
7574,7574,Delivered,61,275
7575,7575,Delivered,35,104
7576,7576,Delivered,25,224
7577,7577,Delivered,67,88
7578,7578,Delivered,62,273
7579,7579,Delivered,61,142
7580,7580,Delivered,53,275
7581,7581,Delivered,60,131
7582,7582,Delivered,48,148
7583,7583,Cancelled,0,117
7584,7584,Delivered,58,173
7585,7585,Delivered,68,3
7586,7586,Delivered,32,94
7587,7587,Delivered,66,261
7588,7588,Delivered,61,221
7589,7589,Delivered,62,263
7590,7590,Delivered,55,225
7591,7591,Delivered,51,274
7592,7592,Delivered,70,252
7593,7593,Delivered,67,187
7594,7594,Delivered,25,299
7595,7595,Delivered,60,202
7596,7596,Delivered,67,161
7597,7597,Delivered,24,67
7598,7598,Delivered,37,259
7599,7599,Delivered,51,273
7600,7600,Delivered,60,118
7601,7601,Delivered,59,44
7602,7602,Delivered,22,277
7603,7603,Delivered,38,54
7604,7604,Cancelled,0,39
7605,7605,Delivered,48,171
7606,7606,Delivered,42,197
7607,7607,Delivered,41,5
7608,7608,Delivered,43,238
7609,7609,Delivered,30,152
7610,7610,Delivered,20,167
7611,7611,Delivered,45,178
7612,7612,Out for Delivery,28,34
7613,7613,Cancelled,0,269
7614,7614,Delivered,59,274
7615,7615,Delivered,33,12
7616,7616,Delivered,55,185
7617,7617,Delivered,29,34
7618,7618,Delivered,40,286
7619,7619,Delivered,24,166
7620,7620,Cancelled,0,248
7621,7621,Delivered,20,35
7622,7622,Out for Delivery,28,287
7623,7623,Delivered,21,298
7624,7624,Delivered,48,67
7625,7625,Delivered,26,287
7626,7626,Delivered,49,194
7627,7627,Delivered,69,193
7628,7628,Delivered,75,210
7629,7629,Delivered,64,273
7630,7630,Delivered,49,266
7631,7631,Cancelled,0,144
7632,7632,Cancelled,0,229
7633,7633,Cancelled,0,118
7634,7634,Cancelled,0,255
7635,7635,Delivered,68,189
7636,7636,Delivered,64,35
7637,7637,Delivered,56,291
7638,7638,Delivered,32,190
7639,7639,Delivered,34,237
7640,7640,Delivered,29,11
7641,7641,Delivered,62,77
7642,7642,Delivered,42,68
7643,7643,Delivered,31,214
7644,7644,Out for Delivery,24,191
7645,7645,Cancelled,0,73
7646,7646,Delivered,60,296
7647,7647,Delivered,42,12
7648,7648,Delivered,54,135
7649,7649,Delivered,65,242
7650,7650,Delivered,38,106
7651,7651,Delivered,27,113
7652,7652,Delivered,38,201
7653,7653,Cancelled,0,271
7654,7654,Delivered,59,288
7655,7655,Delivered,28,231
7656,7656,Delivered,53,252
7657,7657,Delivered,42,99
7658,7658,Delivered,23,213
7659,7659,Delivered,68,59
7660,7660,Cancelled,0,7
7661,7661,Delivered,65,5
7662,7662,Delivered,60,237
7663,7663,Delivered,29,236
7664,7664,Delivered,75,29
7665,7665,Delivered,55,63
7666,7666,Delivered,33,248
7667,7667,Delivered,65,279
7668,7668,Delivered,54,165
7669,7669,Out for Delivery,27,35
7670,7670,Delivered,59,288
7671,7671,Delivered,23,294
7672,7672,Delivered,57,146
7673,7673,Delivered,23,279
7674,7674,Delivered,44,132
7675,7675,Delivered,20,133
7676,7676,Delivered,63,132
7677,7677,Delivered,71,13
7678,7678,Delivered,47,270
7679,7679,Delivered,56,208
7680,7680,Delivered,33,299
7681,7681,Out for Delivery,35,116
7682,7682,Delivered,24,198
7683,7683,Cancelled,0,166
7684,7684,Cancelled,0,104
7685,7685,Delivered,64,196
7686,7686,Delivered,69,67
7687,7687,Delivered,22,259
7688,7688,Delivered,23,299
7689,7689,Cancelled,0,97
7690,7690,Delivered,24,167
7691,7691,Delivered,46,42
7692,7692,Delivered,73,3
7693,7693,Delivered,73,161
7694,7694,Delivered,45,108
7695,7695,Delivered,58,220
7696,7696,Delivered,36,243
7697,7697,Delivered,47,51
7698,7698,Delivered,33,84
7699,7699,Out for Delivery,37,258
7700,7700,Delivered,26,23
7701,7701,Delivered,70,177
7702,7702,Delivered,44,166
7703,7703,Delivered,26,95
7704,7704,Delivered,28,145
7705,7705,Out for Delivery,18,148
7706,7706,Delivered,24,59
7707,7707,Delivered,55,269
7708,7708,Delivered,50,45
7709,7709,Delivered,44,253
7710,7710,Delivered,30,118
7711,7711,Delivered,66,61
7712,7712,Delivered,44,111
7713,7713,Cancelled,0,280
7714,7714,Delivered,33,63
7715,7715,Delivered,27,27
7716,7716,Delivered,38,189
7717,7717,Out for Delivery,38,198
7718,7718,Delivered,20,122
7719,7719,Delivered,68,141
7720,7720,Delivered,21,95
7721,7721,Delivered,50,23
7722,7722,Delivered,37,10
7723,7723,Delivered,38,174
7724,7724,Delivered,73,32
7725,7725,Delivered,48,27
7726,7726,Delivered,41,191
7727,7727,Delivered,44,209
7728,7728,Delivered,29,223
7729,7729,Delivered,48,190
7730,7730,Delivered,66,67
7731,7731,Out for Delivery,34,298
7732,7732,Delivered,72,203
7733,7733,Delivered,74,28
7734,7734,Delivered,47,298
7735,7735,Delivered,64,282
7736,7736,Delivered,43,215
7737,7737,Delivered,34,42
7738,7738,Delivered,57,50
7739,7739,Cancelled,0,125
7740,7740,Delivered,61,273
7741,7741,Delivered,59,53
7742,7742,Delivered,48,141
7743,7743,Delivered,35,287
7744,7744,Delivered,69,280
7745,7745,Delivered,37,188
7746,7746,Delivered,49,241
7747,7747,Cancelled,0,86
7748,7748,Delivered,55,54
7749,7749,Delivered,21,73
7750,7750,Delivered,31,245
7751,7751,Delivered,34,101
7752,7752,Delivered,69,87
7753,7753,Delivered,24,185
7754,7754,Delivered,53,185
7755,7755,Delivered,54,241
7756,7756,Out for Delivery,34,124
7757,7757,Cancelled,0,236
7758,7758,Out for Delivery,12,224
7759,7759,Delivered,63,47
7760,7760,Delivered,26,198
7761,7761,Delivered,68,260
7762,7762,Delivered,47,195
7763,7763,Cancelled,0,239
7764,7764,Delivered,63,2
7765,7765,Cancelled,0,132
7766,7766,Delivered,40,60
7767,7767,Cancelled,0,15
7768,7768,Cancelled,0,165
7769,7769,Delivered,51,278
7770,7770,Delivered,36,134
7771,7771,Delivered,53,91
7772,7772,Delivered,66,212
7773,7773,Delivered,34,108
7774,7774,Delivered,40,261
7775,7775,Delivered,22,280
7776,7776,Delivered,52,263
7777,7777,Delivered,45,274
7778,7778,Delivered,71,169
7779,7779,Delivered,51,233
7780,7780,Delivered,45,193
7781,7781,Delivered,25,30
7782,7782,Cancelled,0,217
7783,7783,Delivered,23,3
7784,7784,Delivered,53,151
7785,7785,Delivered,65,266
7786,7786,Delivered,24,49
7787,7787,Delivered,31,107
7788,7788,Delivered,63,127
7789,7789,Delivered,64,161
7790,7790,Delivered,66,132
7791,7791,Delivered,61,293
7792,7792,Delivered,73,290
7793,7793,Delivered,48,96
7794,7794,Delivered,72,278
7795,7795,Delivered,31,157
7796,7796,Delivered,57,35
7797,7797,Delivered,37,218
7798,7798,Out for Delivery,16,45
7799,7799,Delivered,58,249
7800,7800,Delivered,54,80
7801,7801,Delivered,32,102
7802,7802,Delivered,67,92
7803,7803,Delivered,47,272
7804,7804,Delivered,50,61
7805,7805,Delivered,68,149
7806,7806,Cancelled,0,61
7807,7807,Delivered,44,71
7808,7808,Delivered,68,12
7809,7809,Delivered,52,223
7810,7810,Delivered,73,33
7811,7811,Delivered,71,299
7812,7812,Delivered,73,255
7813,7813,Delivered,63,177
7814,7814,Cancelled,0,162
7815,7815,Delivered,24,224
7816,7816,Delivered,22,156
7817,7817,Delivered,43,268
7818,7818,Cancelled,0,215
7819,7819,Delivered,45,159
7820,7820,Cancelled,0,23
7821,7821,Delivered,63,184
7822,7822,Delivered,37,38
7823,7823,Cancelled,0,48
7824,7824,Delivered,59,54
7825,7825,Delivered,27,120
7826,7826,Delivered,37,102
7827,7827,Delivered,50,91
7828,7828,Delivered,20,193
7829,7829,Delivered,47,240
7830,7830,Out for Delivery,36,188
7831,7831,Out for Delivery,33,175
7832,7832,Delivered,55,171
7833,7833,Delivered,31,20
7834,7834,Delivered,36,244
7835,7835,Delivered,31,245
7836,7836,Delivered,31,84
7837,7837,Delivered,32,277
7838,7838,Delivered,34,98
7839,7839,Delivered,52,241
7840,7840,Delivered,22,205
7841,7841,Delivered,25,264
7842,7842,Delivered,27,214
7843,7843,Delivered,68,59
7844,7844,Delivered,67,163
7845,7845,Cancelled,0,146
7846,7846,Cancelled,0,24
7847,7847,Cancelled,0,269
7848,7848,Delivered,40,13
7849,7849,Delivered,26,48
7850,7850,Delivered,38,37
7851,7851,Cancelled,0,86
7852,7852,Delivered,44,295
7853,7853,Delivered,25,152
7854,7854,Delivered,59,254
7855,7855,Cancelled,0,239
7856,7856,Delivered,65,113
7857,7857,Delivered,22,214
7858,7858,Delivered,38,80
7859,7859,Delivered,22,71
7860,7860,Delivered,31,57
7861,7861,Delivered,26,68
7862,7862,Delivered,55,236
7863,7863,Delivered,29,277
7864,7864,Delivered,45,214
7865,7865,Delivered,37,151
7866,7866,Delivered,47,46
7867,7867,Delivered,43,234
7868,7868,Delivered,40,140
7869,7869,Delivered,67,195
7870,7870,Delivered,30,207
7871,7871,Delivered,49,117
7872,7872,Delivered,54,289
7873,7873,Delivered,61,195
7874,7874,Delivered,51,166
7875,7875,Delivered,47,282
7876,7876,Delivered,67,202
7877,7877,Delivered,42,210
7878,7878,Delivered,58,26
7879,7879,Delivered,20,96
7880,7880,Delivered,72,300
7881,7881,Delivered,47,41
7882,7882,Cancelled,0,279
7883,7883,Delivered,28,298
7884,7884,Delivered,53,244
7885,7885,Delivered,59,42
7886,7886,Delivered,67,73
7887,7887,Delivered,72,240
7888,7888,Delivered,61,287
7889,7889,Delivered,22,45
7890,7890,Delivered,51,288
7891,7891,Delivered,70,269
7892,7892,Delivered,21,210
7893,7893,Delivered,40,48
7894,7894,Delivered,74,7
7895,7895,Delivered,33,292
7896,7896,Delivered,22,236
7897,7897,Delivered,43,93
7898,7898,Delivered,73,24
7899,7899,Delivered,71,67
7900,7900,Delivered,24,68
7901,7901,Delivered,24,59
7902,7902,Delivered,44,113
7903,7903,Delivered,35,296
7904,7904,Delivered,70,185
7905,7905,Out for Delivery,22,8
7906,7906,Delivered,35,166
7907,7907,Delivered,48,185
7908,7908,Delivered,25,298
7909,7909,Delivered,40,64
7910,7910,Delivered,22,66
7911,7911,Delivered,20,37
7912,7912,Delivered,57,252
7913,7913,Delivered,20,86
7914,7914,Delivered,41,268
7915,7915,Cancelled,0,99
7916,7916,Delivered,47,135
7917,7917,Out for Delivery,34,86
7918,7918,Delivered,33,244
7919,7919,Delivered,20,217
7920,7920,Delivered,69,48
7921,7921,Delivered,57,217
7922,7922,Delivered,40,167
7923,7923,Cancelled,0,250
7924,7924,Delivered,46,180
7925,7925,Delivered,66,107
7926,7926,Delivered,61,289
7927,7927,Delivered,20,47
7928,7928,Delivered,23,269
7929,7929,Delivered,52,159
7930,7930,Delivered,54,232
7931,7931,Delivered,26,200
7932,7932,Delivered,34,105
7933,7933,Delivered,56,189
7934,7934,Delivered,42,189
7935,7935,Delivered,24,101
7936,7936,Delivered,20,58
7937,7937,Delivered,29,227
7938,7938,Delivered,24,42
7939,7939,Cancelled,0,242
7940,7940,Delivered,70,221
7941,7941,Cancelled,0,257
7942,7942,Cancelled,0,130
7943,7943,Delivered,52,103
7944,7944,Delivered,30,157
7945,7945,Delivered,70,99
7946,7946,Delivered,48,205
7947,7947,Delivered,43,166
7948,7948,Delivered,64,294
7949,7949,Delivered,64,172
7950,7950,Delivered,50,234
7951,7951,Delivered,59,200
7952,7952,Cancelled,0,182
7953,7953,Out for Delivery,35,213
7954,7954,Delivered,62,93
7955,7955,Delivered,52,144
7956,7956,Delivered,46,176
7957,7957,Delivered,36,18
7958,7958,Delivered,51,120
7959,7959,Delivered,47,129
7960,7960,Delivered,65,101
7961,7961,Delivered,63,17
7962,7962,Delivered,39,85
7963,7963,Delivered,55,82
7964,7964,Delivered,47,114
7965,7965,Delivered,55,210
7966,7966,Delivered,28,167
7967,7967,Delivered,58,275
7968,7968,Delivered,57,209
7969,7969,Delivered,63,33
7970,7970,Delivered,72,44
7971,7971,Delivered,24,154
7972,7972,Delivered,30,294
7973,7973,Delivered,22,211
7974,7974,Delivered,55,142
7975,7975,Delivered,30,234
7976,7976,Delivered,38,142
7977,7977,Delivered,57,178
7978,7978,Delivered,61,213
7979,7979,Delivered,55,214
7980,7980,Delivered,49,204
7981,7981,Delivered,42,177
7982,7982,Delivered,23,187
7983,7983,Delivered,64,48
7984,7984,Delivered,74,116
7985,7985,Delivered,45,90
7986,7986,Delivered,45,147
7987,7987,Delivered,53,176
7988,7988,Delivered,51,182
7989,7989,Delivered,46,249
7990,7990,Delivered,58,5
7991,7991,Delivered,45,294
7992,7992,Delivered,28,59
7993,7993,Delivered,69,122
7994,7994,Delivered,45,14
7995,7995,Delivered,67,263
7996,7996,Delivered,46,251
7997,7997,Delivered,64,180
7998,7998,Delivered,38,70
7999,7999,Delivered,23,108
8000,8000,Delivered,32,275
8001,8001,Delivered,51,163
8002,8002,Delivered,35,294
8003,8003,Delivered,59,84
8004,8004,Cancelled,0,267
8005,8005,Delivered,55,23
8006,8006,Delivered,71,81
8007,8007,Delivered,66,265
8008,8008,Delivered,26,180
8009,8009,Delivered,21,55
8010,8010,Delivered,73,246
8011,8011,Delivered,75,46
8012,8012,Delivered,50,70
8013,8013,Delivered,44,151
8014,8014,Delivered,64,141
8015,8015,Delivered,75,88
8016,8016,Delivered,48,48
8017,8017,Delivered,67,71
8018,8018,Delivered,33,223
8019,8019,Delivered,43,117
8020,8020,Delivered,74,274
8021,8021,Out for Delivery,27,88
8022,8022,Delivered,67,8
8023,8023,Out for Delivery,40,295
8024,8024,Cancelled,0,135
8025,8025,Delivered,34,179
8026,8026,Delivered,53,63
8027,8027,Cancelled,0,48
8028,8028,Out for Delivery,35,106
8029,8029,Delivered,26,7
8030,8030,Delivered,68,80
8031,8031,Delivered,43,11
8032,8032,Delivered,59,120
8033,8033,Delivered,45,274
8034,8034,Delivered,25,135
8035,8035,Delivered,57,172
8036,8036,Delivered,49,117
8037,8037,Delivered,42,106
8038,8038,Delivered,66,152
8039,8039,Delivered,30,248
8040,8040,Delivered,41,249
8041,8041,Delivered,65,57
8042,8042,Delivered,43,234
8043,8043,Delivered,37,141
8044,8044,Delivered,50,109
8045,8045,Delivered,72,295
8046,8046,Delivered,61,49
8047,8047,Delivered,65,95
8048,8048,Delivered,74,227
8049,8049,Delivered,75,199
8050,8050,Out for Delivery,30,103
8051,8051,Delivered,21,193
8052,8052,Delivered,45,22
8053,8053,Delivered,71,147
8054,8054,Delivered,67,246
8055,8055,Delivered,62,71
8056,8056,Out for Delivery,30,24
8057,8057,Delivered,35,63
8058,8058,Delivered,23,219
8059,8059,Delivered,58,219
8060,8060,Delivered,24,22
8061,8061,Delivered,58,62
8062,8062,Cancelled,0,47
8063,8063,Delivered,62,2
8064,8064,Delivered,68,190
8065,8065,Cancelled,0,269
8066,8066,Delivered,44,148
8067,8067,Delivered,59,233
8068,8068,Delivered,33,179
8069,8069,Delivered,44,217
8070,8070,Delivered,39,60
8071,8071,Delivered,64,213
8072,8072,Delivered,58,204
8073,8073,Delivered,63,183
8074,8074,Delivered,26,254
8075,8075,Delivered,37,264
8076,8076,Delivered,47,162
8077,8077,Delivered,27,129
8078,8078,Delivered,65,135
8079,8079,Delivered,42,156
8080,8080,Delivered,41,5
8081,8081,Delivered,46,80
8082,8082,Delivered,30,149
8083,8083,Delivered,21,12
8084,8084,Delivered,34,129
8085,8085,Out for Delivery,22,10
8086,8086,Delivered,33,137
8087,8087,Delivered,21,82
8088,8088,Delivered,35,136
8089,8089,Delivered,57,80
8090,8090,Delivered,60,235
8091,8091,Delivered,59,69
8092,8092,Out for Delivery,39,99
8093,8093,Delivered,55,219
8094,8094,Delivered,26,79
8095,8095,Delivered,73,59
8096,8096,Delivered,61,189
8097,8097,Delivered,42,59
8098,8098,Out for Delivery,23,263
8099,8099,Delivered,66,214
8100,8100,Delivered,47,245
8101,8101,Cancelled,0,222
8102,8102,Delivered,58,10
8103,8103,Delivered,69,187
8104,8104,Delivered,57,23
8105,8105,Delivered,33,130
8106,8106,Delivered,30,191
8107,8107,Delivered,44,231
8108,8108,Delivered,49,29
8109,8109,Out for Delivery,35,271
8110,8110,Delivered,74,186
8111,8111,Delivered,53,210
8112,8112,Delivered,65,52
8113,8113,Delivered,74,214
8114,8114,Delivered,28,105
8115,8115,Delivered,29,148
8116,8116,Delivered,47,286
8117,8117,Out for Delivery,29,166
8118,8118,Delivered,53,271
8119,8119,Delivered,32,64
8120,8120,Delivered,42,75
8121,8121,Cancelled,0,237
8122,8122,Delivered,56,136
8123,8123,Delivered,46,67
8124,8124,Delivered,31,263
8125,8125,Delivered,36,147
8126,8126,Delivered,43,282
8127,8127,Delivered,52,260
8128,8128,Cancelled,0,211
8129,8129,Delivered,48,191
8130,8130,Delivered,63,257
8131,8131,Delivered,53,171
8132,8132,Delivered,49,160
8133,8133,Cancelled,0,247
8134,8134,Delivered,39,42
8135,8135,Delivered,71,60
8136,8136,Delivered,73,221
8137,8137,Cancelled,0,1
8138,8138,Out for Delivery,10,268
8139,8139,Delivered,53,198
8140,8140,Delivered,55,97
8141,8141,Delivered,21,15
8142,8142,Delivered,33,4
8143,8143,Delivered,61,134
8144,8144,Cancelled,0,105
8145,8145,Delivered,20,32
8146,8146,Delivered,20,242
8147,8147,Delivered,41,166
8148,8148,Delivered,28,146
8149,8149,Delivered,71,276
8150,8150,Delivered,53,129
8151,8151,Out for Delivery,12,51
8152,8152,Delivered,65,187
8153,8153,Delivered,37,104
8154,8154,Delivered,31,254
8155,8155,Delivered,61,200
8156,8156,Delivered,68,82
8157,8157,Delivered,54,31
8158,8158,Delivered,31,267
8159,8159,Delivered,60,269
8160,8160,Delivered,72,46
8161,8161,Delivered,74,299
8162,8162,Delivered,49,256
8163,8163,Delivered,27,153
8164,8164,Delivered,44,111
8165,8165,Cancelled,0,1
8166,8166,Delivered,47,240
8167,8167,Delivered,61,300
8168,8168,Delivered,36,248
8169,8169,Delivered,61,42
8170,8170,Delivered,63,231
8171,8171,Delivered,27,75
8172,8172,Delivered,41,103
8173,8173,Delivered,58,257
8174,8174,Cancelled,0,173
8175,8175,Out for Delivery,31,183
8176,8176,Delivered,67,23
8177,8177,Out for Delivery,25,66
8178,8178,Delivered,64,222
8179,8179,Delivered,48,215
8180,8180,Delivered,59,248
8181,8181,Delivered,38,120
8182,8182,Delivered,28,251
8183,8183,Delivered,30,113
8184,8184,Delivered,45,96
8185,8185,Delivered,54,275
8186,8186,Delivered,21,191
8187,8187,Delivered,73,219
8188,8188,Delivered,57,131
8189,8189,Delivered,33,135
8190,8190,Out for Delivery,39,78
8191,8191,Delivered,39,64
8192,8192,Delivered,21,191
8193,8193,Delivered,25,127
8194,8194,Delivered,30,219
8195,8195,Delivered,47,107
8196,8196,Delivered,53,205
8197,8197,Delivered,42,106
8198,8198,Delivered,61,170
8199,8199,Out for Delivery,22,123
8200,8200,Out for Delivery,20,103
8201,8201,Delivered,53,153
8202,8202,Delivered,75,19
8203,8203,Delivered,39,230
8204,8204,Delivered,68,203
8205,8205,Delivered,70,238
8206,8206,Delivered,22,146
8207,8207,Delivered,49,293
8208,8208,Delivered,67,79
8209,8209,Delivered,45,55
8210,8210,Delivered,46,248
8211,8211,Delivered,22,17
8212,8212,Delivered,50,213
8213,8213,Delivered,71,201
8214,8214,Delivered,37,300
8215,8215,Delivered,33,257
8216,8216,Delivered,42,37
8217,8217,Delivered,24,216
8218,8218,Delivered,48,256
8219,8219,Delivered,71,161
8220,8220,Cancelled,0,224
8221,8221,Out for Delivery,34,38
8222,8222,Delivered,40,284
8223,8223,Delivered,72,161
8224,8224,Delivered,33,44
8225,8225,Delivered,49,27
8226,8226,Delivered,40,182
8227,8227,Delivered,23,84
8228,8228,Delivered,62,287
8229,8229,Delivered,32,90
8230,8230,Delivered,35,120
8231,8231,Delivered,70,77
8232,8232,Delivered,57,144
8233,8233,Delivered,38,299
8234,8234,Delivered,43,55
8235,8235,Delivered,26,185
8236,8236,Delivered,75,295
8237,8237,Delivered,59,31
8238,8238,Delivered,72,22
8239,8239,Delivered,26,279
8240,8240,Delivered,24,142
8241,8241,Delivered,61,209
8242,8242,Delivered,54,124
8243,8243,Delivered,48,151
8244,8244,Delivered,63,299
8245,8245,Cancelled,0,251
8246,8246,Delivered,51,213
8247,8247,Delivered,40,234
8248,8248,Out for Delivery,12,170
8249,8249,Delivered,32,76
8250,8250,Delivered,75,172
8251,8251,Delivered,28,192
8252,8252,Delivered,58,77
8253,8253,Delivered,55,156
8254,8254,Delivered,31,172
8255,8255,Out for Delivery,40,45
8256,8256,Delivered,55,7
8257,8257,Delivered,62,95
8258,8258,Out for Delivery,23,282
8259,8259,Delivered,66,5
8260,8260,Delivered,30,282
8261,8261,Delivered,45,46
8262,8262,Delivered,44,247
8263,8263,Delivered,74,124
8264,8264,Delivered,47,253
8265,8265,Delivered,30,232
8266,8266,Delivered,44,288
8267,8267,Delivered,68,89
8268,8268,Delivered,69,101
8269,8269,Delivered,27,243
8270,8270,Delivered,20,231
8271,8271,Delivered,64,218
8272,8272,Delivered,50,230
8273,8273,Delivered,62,85
8274,8274,Delivered,66,54
8275,8275,Delivered,63,171
8276,8276,Delivered,20,200
8277,8277,Delivered,35,131
8278,8278,Delivered,20,86
8279,8279,Delivered,71,203
8280,8280,Delivered,52,204
8281,8281,Delivered,56,60
8282,8282,Delivered,55,173
8283,8283,Delivered,36,194
8284,8284,Delivered,58,170
8285,8285,Delivered,48,162
8286,8286,Delivered,47,104
8287,8287,Delivered,60,285
8288,8288,Delivered,46,97
8289,8289,Delivered,72,80
8290,8290,Delivered,38,127
8291,8291,Delivered,42,84
8292,8292,Delivered,30,255
8293,8293,Delivered,26,54
8294,8294,Cancelled,0,116
8295,8295,Delivered,24,170
8296,8296,Delivered,24,253
8297,8297,Delivered,73,113
8298,8298,Delivered,67,87
8299,8299,Delivered,20,44
8300,8300,Delivered,21,123
8301,8301,Delivered,50,216
8302,8302,Cancelled,0,193
8303,8303,Delivered,29,94
8304,8304,Delivered,27,271
8305,8305,Delivered,67,105
8306,8306,Delivered,24,197
8307,8307,Delivered,57,132
8308,8308,Delivered,59,157
8309,8309,Delivered,43,53
8310,8310,Delivered,54,205
8311,8311,Delivered,70,195
8312,8312,Delivered,52,74
8313,8313,Delivered,64,251
8314,8314,Delivered,54,291
8315,8315,Delivered,37,77
8316,8316,Delivered,33,112
8317,8317,Delivered,67,21
8318,8318,Delivered,69,291
8319,8319,Delivered,38,236
8320,8320,Delivered,21,6
8321,8321,Delivered,38,224
8322,8322,Delivered,21,292
8323,8323,Delivered,74,61
8324,8324,Delivered,45,291
8325,8325,Delivered,71,108
8326,8326,Delivered,57,104
8327,8327,Delivered,46,65
8328,8328,Delivered,66,130
8329,8329,Delivered,35,165
8330,8330,Delivered,68,7
8331,8331,Delivered,24,162
8332,8332,Delivered,60,81
8333,8333,Delivered,72,186
8334,8334,Delivered,27,195
8335,8335,Delivered,43,265
8336,8336,Cancelled,0,270
8337,8337,Delivered,38,238
8338,8338,Delivered,53,12
8339,8339,Delivered,52,8
8340,8340,Delivered,34,167
8341,8341,Delivered,37,12
8342,8342,Delivered,36,16
8343,8343,Delivered,67,172
8344,8344,Delivered,69,298
8345,8345,Delivered,62,94
8346,8346,Delivered,51,13
8347,8347,Delivered,25,104
8348,8348,Delivered,69,244
8349,8349,Delivered,32,33
8350,8350,Delivered,31,169
8351,8351,Delivered,27,164
8352,8352,Delivered,67,185
8353,8353,Delivered,49,4
8354,8354,Delivered,41,92
8355,8355,Delivered,49,278
8356,8356,Delivered,20,95
8357,8357,Delivered,48,17
8358,8358,Out for Delivery,34,293
8359,8359,Delivered,47,249
8360,8360,Delivered,50,238
8361,8361,Delivered,53,54
8362,8362,Cancelled,0,279
8363,8363,Delivered,70,132
8364,8364,Delivered,49,225
8365,8365,Delivered,59,105
8366,8366,Delivered,72,54
8367,8367,Delivered,75,206
8368,8368,Delivered,51,212
8369,8369,Delivered,59,100
8370,8370,Delivered,68,175
8371,8371,Delivered,54,122
8372,8372,Delivered,42,90
8373,8373,Delivered,57,21
8374,8374,Delivered,53,279
8375,8375,Delivered,30,166
8376,8376,Delivered,26,267
8377,8377,Delivered,72,187
8378,8378,Cancelled,0,277
8379,8379,Delivered,30,233
8380,8380,Delivered,39,9
8381,8381,Delivered,24,230
8382,8382,Delivered,74,126
8383,8383,Delivered,59,136
8384,8384,Delivered,51,58
8385,8385,Delivered,41,174
8386,8386,Cancelled,0,22
8387,8387,Delivered,75,124
8388,8388,Delivered,49,128
8389,8389,Delivered,69,126
8390,8390,Delivered,49,100
8391,8391,Delivered,57,230
8392,8392,Delivered,50,286
8393,8393,Delivered,48,268
8394,8394,Delivered,29,251
8395,8395,Delivered,59,98
8396,8396,Delivered,62,298
8397,8397,Delivered,65,290
8398,8398,Delivered,27,10
8399,8399,Delivered,47,247
8400,8400,Delivered,31,5
8401,8401,Delivered,70,252
8402,8402,Delivered,49,281
8403,8403,Delivered,26,257
8404,8404,Delivered,41,141
8405,8405,Delivered,65,30
8406,8406,Out for Delivery,27,44
8407,8407,Delivered,39,170
8408,8408,Out for Delivery,14,281
8409,8409,Cancelled,0,300
8410,8410,Delivered,53,98
8411,8411,Delivered,63,45
8412,8412,Delivered,40,243
8413,8413,Delivered,36,80
8414,8414,Delivered,41,15
8415,8415,Delivered,34,20
8416,8416,Delivered,31,135
8417,8417,Delivered,59,248
8418,8418,Delivered,53,132
8419,8419,Delivered,20,280
8420,8420,Delivered,71,117
8421,8421,Delivered,61,285
8422,8422,Delivered,25,225
8423,8423,Delivered,34,168
8424,8424,Delivered,71,225
8425,8425,Delivered,41,132
8426,8426,Cancelled,0,216
8427,8427,Delivered,70,237
8428,8428,Cancelled,0,29
8429,8429,Delivered,63,12
8430,8430,Delivered,38,70
8431,8431,Delivered,48,231
8432,8432,Delivered,43,161
8433,8433,Delivered,70,2
8434,8434,Cancelled,0,290
8435,8435,Out for Delivery,18,127
8436,8436,Delivered,46,288
8437,8437,Delivered,44,1
8438,8438,Cancelled,0,145
8439,8439,Out for Delivery,30,210
8440,8440,Out for Delivery,25,27
8441,8441,Cancelled,0,40
8442,8442,Delivered,49,120
8443,8443,Delivered,48,46
8444,8444,Delivered,48,276
8445,8445,Delivered,63,35
8446,8446,Delivered,60,155
8447,8447,Delivered,20,89
8448,8448,Delivered,54,42
8449,8449,Out for Delivery,29,214
8450,8450,Delivered,52,220
8451,8451,Delivered,20,57
8452,8452,Delivered,30,234
8453,8453,Delivered,46,121
8454,8454,Delivered,39,48
8455,8455,Delivered,20,291
8456,8456,Delivered,67,290
8457,8457,Delivered,69,233
8458,8458,Delivered,49,14
8459,8459,Delivered,58,224
8460,8460,Delivered,42,269
8461,8461,Delivered,62,285
8462,8462,Out for Delivery,19,44
8463,8463,Delivered,49,87
8464,8464,Delivered,57,37
8465,8465,Delivered,36,297
8466,8466,Cancelled,0,288
8467,8467,Delivered,66,160
8468,8468,Cancelled,0,178
8469,8469,Delivered,68,294
8470,8470,Delivered,67,66
8471,8471,Delivered,22,293
8472,8472,Delivered,38,7
8473,8473,Delivered,36,103
8474,8474,Out for Delivery,11,166
8475,8475,Delivered,59,7
8476,8476,Delivered,71,265
8477,8477,Delivered,40,178
8478,8478,Delivered,33,296
8479,8479,Delivered,39,137
8480,8480,Delivered,42,1
8481,8481,Delivered,49,188
8482,8482,Delivered,25,274
8483,8483,Delivered,25,100
8484,8484,Cancelled,0,198
8485,8485,Delivered,60,160
8486,8486,Delivered,72,175
8487,8487,Delivered,40,127
8488,8488,Delivered,55,74
8489,8489,Delivered,75,91
8490,8490,Delivered,54,66
8491,8491,Delivered,34,114
8492,8492,Cancelled,0,130
8493,8493,Out for Delivery,34,18
8494,8494,Delivered,36,22
8495,8495,Delivered,53,253
8496,8496,Delivered,28,38
8497,8497,Delivered,45,292
8498,8498,Out for Delivery,32,31
8499,8499,Out for Delivery,33,116
8500,8500,Delivered,21,110
8501,8501,Delivered,73,66
8502,8502,Delivered,37,272
8503,8503,Delivered,64,30
8504,8504,Delivered,31,216
8505,8505,Delivered,23,6
8506,8506,Delivered,49,175
8507,8507,Delivered,38,36
8508,8508,Delivered,33,153
8509,8509,Delivered,32,1
8510,8510,Delivered,35,173
8511,8511,Delivered,46,243
8512,8512,Delivered,59,11
8513,8513,Delivered,69,227
8514,8514,Delivered,46,8
8515,8515,Delivered,61,191
8516,8516,Delivered,71,245
8517,8517,Out for Delivery,39,254
8518,8518,Delivered,65,206
8519,8519,Delivered,50,52
8520,8520,Delivered,54,144
8521,8521,Delivered,38,148
8522,8522,Cancelled,0,73
8523,8523,Delivered,33,92
8524,8524,Delivered,45,56
8525,8525,Delivered,35,195
8526,8526,Delivered,64,201
8527,8527,Cancelled,0,213
8528,8528,Delivered,45,37
8529,8529,Delivered,33,87
8530,8530,Delivered,41,6
8531,8531,Delivered,64,280
8532,8532,Out for Delivery,30,224
8533,8533,Delivered,57,168
8534,8534,Delivered,20,133
8535,8535,Delivered,54,196
8536,8536,Delivered,23,298
8537,8537,Delivered,56,208
8538,8538,Delivered,57,105
8539,8539,Delivered,23,77
8540,8540,Delivered,49,49
8541,8541,Delivered,32,251
8542,8542,Delivered,73,14
8543,8543,Delivered,24,83
8544,8544,Delivered,74,297
8545,8545,Cancelled,0,291
8546,8546,Delivered,60,221
8547,8547,Delivered,49,161
8548,8548,Delivered,42,292
8549,8549,Delivered,74,12
8550,8550,Delivered,33,1
8551,8551,Delivered,25,10
8552,8552,Delivered,56,218
8553,8553,Delivered,23,133
8554,8554,Delivered,64,192
8555,8555,Out for Delivery,38,10
8556,8556,Delivered,50,84
8557,8557,Delivered,41,77
8558,8558,Delivered,72,165
8559,8559,Out for Delivery,29,91
8560,8560,Delivered,50,244
8561,8561,Cancelled,0,201
8562,8562,Delivered,61,268
8563,8563,Delivered,22,253
8564,8564,Delivered,53,96
8565,8565,Cancelled,0,42
8566,8566,Delivered,29,189
8567,8567,Delivered,29,235
8568,8568,Delivered,32,295
8569,8569,Delivered,53,265
8570,8570,Delivered,33,85
8571,8571,Delivered,71,1
8572,8572,Delivered,29,49
8573,8573,Delivered,21,5
8574,8574,Out for Delivery,16,68
8575,8575,Delivered,72,50
8576,8576,Out for Delivery,33,238
8577,8577,Delivered,59,257
8578,8578,Delivered,68,223
8579,8579,Cancelled,0,69
8580,8580,Delivered,70,179
8581,8581,Out for Delivery,31,209
8582,8582,Delivered,54,155
8583,8583,Delivered,41,127
8584,8584,Delivered,75,76
8585,8585,Delivered,43,286
8586,8586,Delivered,26,179
8587,8587,Delivered,50,256
8588,8588,Delivered,59,159
8589,8589,Delivered,62,135
8590,8590,Delivered,75,271
8591,8591,Delivered,46,195
8592,8592,Delivered,29,51
8593,8593,Delivered,65,265
8594,8594,Delivered,48,68
8595,8595,Cancelled,0,30
8596,8596,Delivered,52,137
8597,8597,Delivered,43,105
8598,8598,Delivered,56,155
8599,8599,Delivered,44,102
8600,8600,Delivered,72,70
8601,8601,Delivered,39,251
8602,8602,Out for Delivery,14,80
8603,8603,Out for Delivery,22,45
8604,8604,Delivered,43,171
8605,8605,Delivered,68,47
8606,8606,Delivered,63,150
8607,8607,Delivered,21,183
8608,8608,Delivered,22,227
8609,8609,Delivered,70,282
8610,8610,Delivered,34,65
8611,8611,Delivered,51,216
8612,8612,Delivered,67,130
8613,8613,Delivered,20,66
8614,8614,Delivered,54,198
8615,8615,Delivered,58,245
8616,8616,Delivered,67,149
8617,8617,Delivered,52,5
8618,8618,Delivered,64,216
8619,8619,Delivered,34,170
8620,8620,Delivered,29,215
8621,8621,Cancelled,0,16
8622,8622,Delivered,30,180
8623,8623,Delivered,68,25
8624,8624,Delivered,74,171
8625,8625,Delivered,70,254
8626,8626,Delivered,46,206
8627,8627,Delivered,67,258
8628,8628,Delivered,57,230
8629,8629,Delivered,48,251
8630,8630,Delivered,58,279
8631,8631,Delivered,69,287
8632,8632,Cancelled,0,14
8633,8633,Delivered,22,232
8634,8634,Delivered,25,79
8635,8635,Delivered,44,89
8636,8636,Out for Delivery,10,47
8637,8637,Cancelled,0,7
8638,8638,Delivered,60,273
8639,8639,Delivered,57,223
8640,8640,Delivered,30,153
8641,8641,Delivered,25,277
8642,8642,Delivered,23,146
8643,8643,Delivered,55,69
8644,8644,Delivered,60,226
8645,8645,Delivered,61,233
8646,8646,Delivered,38,76
8647,8647,Delivered,28,147
8648,8648,Out for Delivery,38,271
8649,8649,Delivered,38,113
8650,8650,Delivered,34,228
8651,8651,Cancelled,0,257
8652,8652,Delivered,45,114
8653,8653,Delivered,38,172
8654,8654,Delivered,26,300
8655,8655,Delivered,41,77
8656,8656,Delivered,48,94
8657,8657,Cancelled,0,199
8658,8658,Cancelled,0,109
8659,8659,Delivered,43,201
8660,8660,Delivered,33,221
8661,8661,Delivered,68,206
8662,8662,Delivered,61,269
8663,8663,Delivered,55,222
8664,8664,Delivered,27,71
8665,8665,Cancelled,0,266
8666,8666,Delivered,31,54
8667,8667,Cancelled,0,127
8668,8668,Delivered,52,237
8669,8669,Delivered,37,18
8670,8670,Delivered,25,111
8671,8671,Cancelled,0,279
8672,8672,Delivered,24,175
8673,8673,Delivered,58,272
8674,8674,Delivered,29,91
8675,8675,Delivered,49,100
8676,8676,Delivered,67,58
8677,8677,Delivered,65,1
8678,8678,Delivered,36,99
8679,8679,Delivered,69,275
8680,8680,Delivered,57,258
8681,8681,Delivered,59,281
8682,8682,Delivered,27,158
8683,8683,Delivered,39,116
8684,8684,Cancelled,0,97
8685,8685,Delivered,63,37
8686,8686,Delivered,51,53
8687,8687,Cancelled,0,183
8688,8688,Delivered,36,289
8689,8689,Delivered,64,91
8690,8690,Delivered,52,59
8691,8691,Delivered,26,58
8692,8692,Delivered,60,200
8693,8693,Delivered,55,193
8694,8694,Delivered,34,59
8695,8695,Delivered,31,11
8696,8696,Delivered,48,54
8697,8697,Delivered,51,49
8698,8698,Delivered,37,218
8699,8699,Delivered,59,163
8700,8700,Delivered,29,83
8701,8701,Delivered,59,135
8702,8702,Delivered,44,178
8703,8703,Delivered,26,228
8704,8704,Delivered,37,154
8705,8705,Delivered,51,228
8706,8706,Out for Delivery,12,21
8707,8707,Out for Delivery,10,250
8708,8708,Delivered,35,249
8709,8709,Delivered,49,185
8710,8710,Delivered,70,166
8711,8711,Delivered,72,170
8712,8712,Delivered,50,178
8713,8713,Delivered,28,185
8714,8714,Delivered,22,85
8715,8715,Delivered,32,89
8716,8716,Delivered,45,136
8717,8717,Delivered,66,293
8718,8718,Delivered,55,36
8719,8719,Out for Delivery,23,277
8720,8720,Delivered,22,245
8721,8721,Delivered,47,218
8722,8722,Delivered,71,106
8723,8723,Delivered,50,27
8724,8724,Delivered,47,237
8725,8725,Delivered,21,201
8726,8726,Delivered,20,11
8727,8727,Delivered,35,175
8728,8728,Delivered,34,287
8729,8729,Cancelled,0,49
8730,8730,Delivered,49,120
8731,8731,Delivered,45,270
8732,8732,Delivered,43,101
8733,8733,Delivered,20,246
8734,8734,Delivered,71,108
8735,8735,Delivered,59,29
8736,8736,Delivered,69,238
8737,8737,Delivered,30,283
8738,8738,Delivered,30,162
8739,8739,Delivered,63,191
8740,8740,Delivered,59,111
8741,8741,Delivered,67,160
8742,8742,Delivered,57,272
8743,8743,Out for Delivery,27,232
8744,8744,Delivered,56,4
8745,8745,Cancelled,0,71
8746,8746,Out for Delivery,19,205
8747,8747,Delivered,45,218
8748,8748,Delivered,62,266
8749,8749,Delivered,72,130
8750,8750,Delivered,30,209
8751,8751,Delivered,51,250
8752,8752,Delivered,51,97
8753,8753,Delivered,72,133
8754,8754,Delivered,29,137
8755,8755,Out for Delivery,33,215
8756,8756,Delivered,46,244
8757,8757,Cancelled,0,69
8758,8758,Delivered,58,224
8759,8759,Cancelled,0,31
8760,8760,Delivered,35,87
8761,8761,Delivered,39,288
8762,8762,Delivered,62,123
8763,8763,Delivered,49,111
8764,8764,Delivered,32,83
8765,8765,Delivered,39,200
8766,8766,Delivered,32,136
8767,8767,Delivered,75,84
8768,8768,Delivered,61,39
8769,8769,Delivered,53,114
8770,8770,Cancelled,0,19
8771,8771,Delivered,71,152
8772,8772,Delivered,64,223
8773,8773,Delivered,31,255
8774,8774,Delivered,36,81
8775,8775,Delivered,43,294
8776,8776,Out for Delivery,29,77
8777,8777,Delivered,69,135
8778,8778,Delivered,29,122
8779,8779,Delivered,63,273
8780,8780,Delivered,49,156
8781,8781,Delivered,21,193
8782,8782,Delivered,58,24
8783,8783,Cancelled,0,27
8784,8784,Delivered,25,152
8785,8785,Delivered,62,178
8786,8786,Delivered,48,263
8787,8787,Delivered,26,2
8788,8788,Delivered,27,94
8789,8789,Cancelled,0,261
8790,8790,Delivered,37,197
8791,8791,Out for Delivery,27,34
8792,8792,Delivered,34,158
8793,8793,Delivered,42,167
8794,8794,Delivered,46,293
8795,8795,Delivered,68,119
8796,8796,Delivered,21,147
8797,8797,Delivered,58,211
8798,8798,Cancelled,0,56
8799,8799,Delivered,69,140
8800,8800,Delivered,34,275
8801,8801,Delivered,65,252
8802,8802,Delivered,58,214
8803,8803,Delivered,20,19
8804,8804,Delivered,32,241
8805,8805,Delivered,56,161
8806,8806,Delivered,27,171
8807,8807,Delivered,21,272
8808,8808,Delivered,64,248
8809,8809,Delivered,71,235
8810,8810,Delivered,23,195
8811,8811,Cancelled,0,58
8812,8812,Delivered,43,32
8813,8813,Delivered,47,258
8814,8814,Delivered,47,146
8815,8815,Delivered,65,75
8816,8816,Delivered,55,264
8817,8817,Delivered,75,246
8818,8818,Delivered,67,69
8819,8819,Delivered,52,222
8820,8820,Delivered,35,90
8821,8821,Delivered,29,173
8822,8822,Cancelled,0,113
8823,8823,Delivered,64,55
8824,8824,Cancelled,0,178
8825,8825,Delivered,32,108
8826,8826,Delivered,70,230
8827,8827,Delivered,61,203
8828,8828,Delivered,55,273
8829,8829,Delivered,37,236
8830,8830,Delivered,32,88
8831,8831,Delivered,21,108
8832,8832,Delivered,32,111
8833,8833,Delivered,51,152
8834,8834,Delivered,29,274
8835,8835,Delivered,67,232
8836,8836,Delivered,21,120
8837,8837,Delivered,38,124
8838,8838,Delivered,49,287
8839,8839,Delivered,74,282
8840,8840,Delivered,25,160
8841,8841,Delivered,73,27
8842,8842,Delivered,31,300
8843,8843,Delivered,63,248
8844,8844,Delivered,27,263
8845,8845,Delivered,27,154
8846,8846,Delivered,63,31
8847,8847,Delivered,73,286
8848,8848,Delivered,53,47
8849,8849,Delivered,57,158
8850,8850,Cancelled,0,277
8851,8851,Delivered,28,51
8852,8852,Delivered,23,36
8853,8853,Cancelled,0,43
8854,8854,Delivered,43,36
8855,8855,Delivered,21,280
8856,8856,Cancelled,0,231
8857,8857,Delivered,25,276
8858,8858,Delivered,29,228
8859,8859,Delivered,53,220
8860,8860,Delivered,48,240
8861,8861,Delivered,66,74
8862,8862,Delivered,54,41
8863,8863,Delivered,59,222
8864,8864,Cancelled,0,141
8865,8865,Cancelled,0,300
8866,8866,Delivered,53,38
8867,8867,Cancelled,0,78
8868,8868,Delivered,47,215
8869,8869,Delivered,35,295
8870,8870,Delivered,69,236
8871,8871,Delivered,54,120
8872,8872,Delivered,53,255
8873,8873,Delivered,46,134
8874,8874,Delivered,38,18
8875,8875,Delivered,31,149
8876,8876,Delivered,66,188
8877,8877,Cancelled,0,95
8878,8878,Delivered,55,214
8879,8879,Delivered,45,150
8880,8880,Delivered,39,129
8881,8881,Delivered,55,108
8882,8882,Delivered,29,65
8883,8883,Delivered,57,224
8884,8884,Cancelled,0,46
8885,8885,Delivered,20,16
8886,8886,Delivered,52,12
8887,8887,Delivered,55,247
8888,8888,Delivered,67,238
8889,8889,Delivered,35,108
8890,8890,Cancelled,0,289
8891,8891,Delivered,64,223
8892,8892,Cancelled,0,187
8893,8893,Delivered,65,163
8894,8894,Delivered,64,24
8895,8895,Delivered,75,9
8896,8896,Delivered,38,118
8897,8897,Delivered,57,197
8898,8898,Delivered,28,30
8899,8899,Delivered,54,118
8900,8900,Delivered,22,45
8901,8901,Delivered,43,229
8902,8902,Delivered,36,237
8903,8903,Delivered,60,24
8904,8904,Delivered,58,285
8905,8905,Delivered,23,251
8906,8906,Delivered,23,8
8907,8907,Delivered,58,226
8908,8908,Delivered,34,235
8909,8909,Delivered,27,119
8910,8910,Delivered,58,254
8911,8911,Delivered,64,74
8912,8912,Delivered,68,15
8913,8913,Delivered,39,197
8914,8914,Delivered,70,42
8915,8915,Cancelled,0,24
8916,8916,Delivered,56,112
8917,8917,Delivered,20,269
8918,8918,Delivered,22,264
8919,8919,Delivered,53,220
8920,8920,Delivered,48,84
8921,8921,Delivered,24,195
8922,8922,Delivered,51,167
8923,8923,Delivered,56,187
8924,8924,Delivered,37,210
8925,8925,Delivered,30,146
8926,8926,Delivered,68,21
8927,8927,Delivered,42,123
8928,8928,Delivered,34,165
8929,8929,Cancelled,0,53
8930,8930,Delivered,59,217
8931,8931,Delivered,38,263
8932,8932,Delivered,57,30
8933,8933,Cancelled,0,43
8934,8934,Delivered,21,10
8935,8935,Delivered,48,192
8936,8936,Delivered,58,209
8937,8937,Cancelled,0,263
8938,8938,Delivered,45,267
8939,8939,Delivered,48,141
8940,8940,Delivered,48,35
8941,8941,Delivered,28,40
8942,8942,Delivered,22,39
8943,8943,Delivered,40,105
8944,8944,Delivered,70,94
8945,8945,Delivered,38,139
8946,8946,Cancelled,0,234
8947,8947,Delivered,65,266
8948,8948,Delivered,53,233
8949,8949,Delivered,74,77
8950,8950,Delivered,35,296
8951,8951,Delivered,22,247
8952,8952,Delivered,32,118
8953,8953,Delivered,23,147
8954,8954,Delivered,26,80
8955,8955,Delivered,56,230
8956,8956,Delivered,25,101
8957,8957,Delivered,67,67
8958,8958,Delivered,73,258
8959,8959,Delivered,27,41
8960,8960,Cancelled,0,170
8961,8961,Delivered,44,127
8962,8962,Delivered,40,122
8963,8963,Delivered,71,89
8964,8964,Delivered,62,106
8965,8965,Delivered,22,129
8966,8966,Delivered,73,103
8967,8967,Delivered,65,44
8968,8968,Delivered,28,125
8969,8969,Delivered,34,133
8970,8970,Delivered,48,80
8971,8971,Delivered,63,56
8972,8972,Delivered,27,102
8973,8973,Delivered,40,42
8974,8974,Delivered,24,182
8975,8975,Delivered,64,228
8976,8976,Delivered,73,164
8977,8977,Delivered,65,129
8978,8978,Delivered,74,244
8979,8979,Delivered,24,299
8980,8980,Delivered,66,152
8981,8981,Delivered,51,89
8982,8982,Delivered,61,288
8983,8983,Delivered,74,288
8984,8984,Delivered,38,297
8985,8985,Delivered,60,209
8986,8986,Delivered,67,207
8987,8987,Cancelled,0,19
8988,8988,Cancelled,0,103
8989,8989,Delivered,23,50
8990,8990,Delivered,32,87
8991,8991,Delivered,74,150
8992,8992,Delivered,29,199
8993,8993,Delivered,37,125
8994,8994,Out for Delivery,18,173
8995,8995,Delivered,43,54
8996,8996,Cancelled,0,128
8997,8997,Delivered,50,105
8998,8998,Delivered,68,258
8999,8999,Delivered,68,239
9000,9000,Delivered,48,118
9001,9001,Delivered,35,34
9002,9002,Delivered,68,107
9003,9003,Delivered,33,300
9004,9004,Delivered,72,245
9005,9005,Delivered,51,153
9006,9006,Delivered,39,216
9007,9007,Delivered,71,89
9008,9008,Delivered,75,300
9009,9009,Delivered,52,156
9010,9010,Delivered,65,180
9011,9011,Delivered,38,232
9012,9012,Out for Delivery,36,98
9013,9013,Delivered,37,280
9014,9014,Delivered,56,108
9015,9015,Delivered,41,26
9016,9016,Delivered,73,19
9017,9017,Delivered,31,225
9018,9018,Out for Delivery,15,239
9019,9019,Delivered,71,71
9020,9020,Delivered,70,208
9021,9021,Delivered,25,123
9022,9022,Delivered,60,156
9023,9023,Cancelled,0,166
9024,9024,Delivered,74,255
9025,9025,Delivered,58,6
9026,9026,Delivered,46,186
9027,9027,Delivered,65,168
9028,9028,Delivered,40,266
9029,9029,Delivered,45,14
9030,9030,Delivered,22,28
9031,9031,Delivered,29,284
9032,9032,Delivered,23,198
9033,9033,Delivered,23,189
9034,9034,Delivered,54,57
9035,9035,Delivered,30,172
9036,9036,Delivered,26,6
9037,9037,Delivered,43,207
9038,9038,Delivered,71,185
9039,9039,Delivered,24,111
9040,9040,Delivered,27,300
9041,9041,Delivered,63,55
9042,9042,Delivered,31,283
9043,9043,Delivered,74,180
9044,9044,Delivered,27,250
9045,9045,Delivered,31,103
9046,9046,Delivered,48,278
9047,9047,Delivered,38,243
9048,9048,Delivered,34,24
9049,9049,Out for Delivery,36,217
9050,9050,Delivered,36,89
9051,9051,Out for Delivery,28,43
9052,9052,Delivered,45,158
9053,9053,Delivered,63,159
9054,9054,Delivered,20,63
9055,9055,Delivered,29,125
9056,9056,Delivered,36,75
9057,9057,Cancelled,0,234
9058,9058,Out for Delivery,37,276
9059,9059,Delivered,66,121
9060,9060,Delivered,23,145
9061,9061,Delivered,51,10
9062,9062,Delivered,63,137
9063,9063,Delivered,67,223
9064,9064,Delivered,39,260
9065,9065,Delivered,56,284
9066,9066,Delivered,52,141
9067,9067,Delivered,21,87
9068,9068,Delivered,51,4
9069,9069,Delivered,67,32
9070,9070,Out for Delivery,24,236
9071,9071,Delivered,46,18
9072,9072,Delivered,40,142
9073,9073,Delivered,54,84
9074,9074,Delivered,40,92
9075,9075,Delivered,72,224
9076,9076,Delivered,74,34
9077,9077,Delivered,21,118
9078,9078,Delivered,25,209
9079,9079,Delivered,25,8
9080,9080,Delivered,75,159
9081,9081,Delivered,38,116
9082,9082,Cancelled,0,192
9083,9083,Delivered,24,66
9084,9084,Delivered,62,76
9085,9085,Out for Delivery,13,136
9086,9086,Delivered,72,80
9087,9087,Delivered,43,184
9088,9088,Delivered,22,205
9089,9089,Delivered,51,17
9090,9090,Cancelled,0,245
9091,9091,Delivered,49,160
9092,9092,Delivered,27,192
9093,9093,Delivered,29,135
9094,9094,Delivered,68,180
9095,9095,Delivered,46,222
9096,9096,Delivered,32,225
9097,9097,Delivered,68,257
9098,9098,Delivered,75,256
9099,9099,Delivered,43,59
9100,9100,Delivered,35,109
9101,9101,Delivered,73,99
9102,9102,Delivered,69,72
9103,9103,Delivered,48,114
9104,9104,Delivered,58,42
9105,9105,Delivered,42,11
9106,9106,Delivered,28,38
9107,9107,Delivered,50,251
9108,9108,Delivered,32,186
9109,9109,Delivered,48,216
9110,9110,Delivered,66,111
9111,9111,Delivered,50,233
9112,9112,Cancelled,0,137
9113,9113,Delivered,49,194
9114,9114,Delivered,34,190
9115,9115,Delivered,66,246
9116,9116,Cancelled,0,47
9117,9117,Delivered,70,74
9118,9118,Delivered,34,6
9119,9119,Delivered,40,183
9120,9120,Delivered,46,237
9121,9121,Delivered,54,168
9122,9122,Delivered,38,145
9123,9123,Delivered,54,124
9124,9124,Delivered,44,248
9125,9125,Delivered,61,72
9126,9126,Delivered,37,168
9127,9127,Delivered,70,72
9128,9128,Delivered,57,12
9129,9129,Delivered,50,98
9130,9130,Delivered,40,215
9131,9131,Delivered,40,272
9132,9132,Delivered,66,113
9133,9133,Out for Delivery,29,157
9134,9134,Out for Delivery,35,83
9135,9135,Delivered,56,182
9136,9136,Out for Delivery,11,280
9137,9137,Delivered,66,31
9138,9138,Out for Delivery,19,264
9139,9139,Delivered,59,73
9140,9140,Cancelled,0,183
9141,9141,Delivered,47,264
9142,9142,Delivered,71,225
9143,9143,Delivered,61,128
9144,9144,Delivered,62,282
9145,9145,Delivered,41,170
9146,9146,Delivered,71,37
9147,9147,Out for Delivery,17,174
9148,9148,Delivered,45,246
9149,9149,Delivered,41,90
9150,9150,Delivered,57,40
9151,9151,Delivered,20,285
9152,9152,Delivered,59,93
9153,9153,Cancelled,0,101
9154,9154,Delivered,22,21
9155,9155,Delivered,54,295
9156,9156,Delivered,24,110
9157,9157,Delivered,69,226
9158,9158,Delivered,23,9
9159,9159,Delivered,39,106
9160,9160,Delivered,30,78
9161,9161,Delivered,39,97
9162,9162,Delivered,44,231
9163,9163,Delivered,51,264
9164,9164,Delivered,67,38
9165,9165,Cancelled,0,10
9166,9166,Delivered,28,28
9167,9167,Delivered,56,256
9168,9168,Cancelled,0,219
9169,9169,Delivered,56,110
9170,9170,Delivered,59,199
9171,9171,Delivered,72,4
9172,9172,Delivered,75,234
9173,9173,Delivered,45,178
9174,9174,Delivered,20,16
9175,9175,Delivered,51,137
9176,9176,Cancelled,0,187
9177,9177,Out for Delivery,13,76
9178,9178,Delivered,25,198
9179,9179,Delivered,55,279
9180,9180,Delivered,41,183
9181,9181,Delivered,41,293
9182,9182,Delivered,38,65
9183,9183,Delivered,56,84
9184,9184,Delivered,63,96
9185,9185,Delivered,64,254
9186,9186,Delivered,64,211
9187,9187,Delivered,53,294
9188,9188,Delivered,38,218
9189,9189,Delivered,39,221
9190,9190,Out for Delivery,35,224
9191,9191,Delivered,28,182
9192,9192,Delivered,49,251
9193,9193,Delivered,70,201
9194,9194,Delivered,28,24
9195,9195,Delivered,36,141
9196,9196,Delivered,28,190
9197,9197,Delivered,23,218
9198,9198,Delivered,54,240
9199,9199,Delivered,40,32
9200,9200,Cancelled,0,93
9201,9201,Delivered,65,300
9202,9202,Delivered,47,292
9203,9203,Delivered,56,241
9204,9204,Delivered,48,165
9205,9205,Delivered,28,175
9206,9206,Delivered,55,179
9207,9207,Delivered,30,223
9208,9208,Cancelled,0,65
9209,9209,Cancelled,0,248
9210,9210,Delivered,45,138
9211,9211,Delivered,33,170
9212,9212,Delivered,29,66
9213,9213,Delivered,54,136
9214,9214,Delivered,54,3
9215,9215,Delivered,48,26
9216,9216,Delivered,74,131
9217,9217,Delivered,51,286
9218,9218,Delivered,34,110
9219,9219,Delivered,55,18
9220,9220,Delivered,72,176
9221,9221,Delivered,58,95
9222,9222,Delivered,63,137
9223,9223,Delivered,35,95
9224,9224,Delivered,60,228
9225,9225,Delivered,70,99
9226,9226,Delivered,32,244
9227,9227,Cancelled,0,160
9228,9228,Delivered,47,34
9229,9229,Delivered,52,245
9230,9230,Delivered,65,110
9231,9231,Delivered,75,226
9232,9232,Delivered,59,286
9233,9233,Delivered,28,242
9234,9234,Delivered,61,73
9235,9235,Delivered,41,68
9236,9236,Delivered,50,194
9237,9237,Delivered,45,278
9238,9238,Delivered,63,232
9239,9239,Cancelled,0,299
9240,9240,Delivered,52,111
9241,9241,Delivered,48,103
9242,9242,Delivered,72,88
9243,9243,Delivered,67,225
9244,9244,Delivered,55,109
9245,9245,Delivered,73,295
9246,9246,Cancelled,0,220
9247,9247,Delivered,29,196
9248,9248,Delivered,36,261
9249,9249,Delivered,33,185
9250,9250,Delivered,43,54
9251,9251,Delivered,67,37
9252,9252,Delivered,70,170
9253,9253,Delivered,60,38
9254,9254,Delivered,40,219
9255,9255,Delivered,43,138
9256,9256,Delivered,55,83
9257,9257,Delivered,53,222
9258,9258,Delivered,70,190
9259,9259,Out for Delivery,13,248
9260,9260,Delivered,67,165
9261,9261,Delivered,57,99
9262,9262,Delivered,27,206
9263,9263,Delivered,67,244
9264,9264,Delivered,75,240
9265,9265,Delivered,49,218
9266,9266,Delivered,66,239
9267,9267,Delivered,46,59
9268,9268,Delivered,43,112
9269,9269,Delivered,74,40
9270,9270,Delivered,59,87
9271,9271,Delivered,56,67
9272,9272,Delivered,22,114
9273,9273,Delivered,54,232
9274,9274,Delivered,42,175
9275,9275,Delivered,37,165
9276,9276,Delivered,62,152
9277,9277,Cancelled,0,171
9278,9278,Delivered,74,251
9279,9279,Delivered,39,128
9280,9280,Out for Delivery,33,184
9281,9281,Delivered,49,45
9282,9282,Delivered,23,208
9283,9283,Delivered,48,144
9284,9284,Delivered,59,291
9285,9285,Delivered,30,298
9286,9286,Delivered,41,21
9287,9287,Delivered,66,52
9288,9288,Delivered,38,293
9289,9289,Delivered,34,69
9290,9290,Delivered,26,202
9291,9291,Delivered,36,162
9292,9292,Delivered,42,165
9293,9293,Delivered,61,30
9294,9294,Delivered,34,123
9295,9295,Cancelled,0,40
9296,9296,Delivered,39,43
9297,9297,Delivered,22,252
9298,9298,Delivered,34,129
9299,9299,Delivered,32,217
9300,9300,Delivered,70,163
9301,9301,Delivered,32,21
9302,9302,Delivered,38,10
9303,9303,Delivered,71,76
9304,9304,Delivered,46,233
9305,9305,Delivered,73,254
9306,9306,Delivered,32,236
9307,9307,Delivered,49,149
9308,9308,Delivered,37,125
9309,9309,Delivered,35,36
9310,9310,Delivered,55,52
9311,9311,Delivered,48,153
9312,9312,Delivered,49,114
9313,9313,Delivered,27,222
9314,9314,Delivered,21,2
9315,9315,Delivered,41,257
9316,9316,Delivered,66,224
9317,9317,Delivered,73,227
9318,9318,Delivered,60,258
9319,9319,Delivered,40,122
9320,9320,Delivered,36,122
9321,9321,Delivered,42,30
9322,9322,Delivered,62,180
9323,9323,Delivered,58,138
9324,9324,Delivered,31,89
9325,9325,Delivered,56,73
9326,9326,Delivered,31,262
9327,9327,Delivered,61,122
9328,9328,Delivered,65,298
9329,9329,Delivered,32,115
9330,9330,Delivered,63,71
9331,9331,Delivered,56,199
9332,9332,Delivered,68,27
9333,9333,Delivered,42,198
9334,9334,Delivered,73,148
9335,9335,Delivered,28,18
9336,9336,Delivered,51,85
9337,9337,Delivered,31,246
9338,9338,Delivered,32,237
9339,9339,Delivered,60,105
9340,9340,Delivered,64,174
9341,9341,Delivered,25,69
9342,9342,Delivered,49,235
9343,9343,Delivered,44,270
9344,9344,Delivered,29,177
9345,9345,Delivered,73,60
9346,9346,Delivered,74,202
9347,9347,Delivered,44,252
9348,9348,Delivered,23,185
9349,9349,Delivered,65,91
9350,9350,Delivered,51,13
9351,9351,Delivered,33,237
9352,9352,Delivered,37,71
9353,9353,Delivered,33,283
9354,9354,Delivered,48,219
9355,9355,Delivered,52,77
9356,9356,Delivered,65,273
9357,9357,Out for Delivery,26,104
9358,9358,Delivered,35,228
9359,9359,Delivered,64,70
9360,9360,Delivered,27,46
9361,9361,Delivered,29,40
9362,9362,Delivered,36,32
9363,9363,Delivered,72,154
9364,9364,Delivered,45,145
9365,9365,Delivered,67,188
9366,9366,Delivered,75,165
9367,9367,Delivered,31,237
9368,9368,Delivered,68,277
9369,9369,Delivered,27,127
9370,9370,Out for Delivery,34,9
9371,9371,Delivered,20,167
9372,9372,Delivered,32,26
9373,9373,Delivered,68,282
9374,9374,Delivered,30,63
9375,9375,Delivered,48,42
9376,9376,Delivered,67,99
9377,9377,Delivered,44,272
9378,9378,Delivered,21,227
9379,9379,Delivered,21,275
9380,9380,Delivered,41,182
9381,9381,Delivered,75,256
9382,9382,Delivered,48,207
9383,9383,Cancelled,0,240
9384,9384,Delivered,61,222
9385,9385,Delivered,48,256
9386,9386,Out for Delivery,13,3
9387,9387,Delivered,37,15
9388,9388,Delivered,57,281
9389,9389,Delivered,75,190
9390,9390,Delivered,36,201
9391,9391,Delivered,64,199
9392,9392,Delivered,48,221
9393,9393,Delivered,64,93
9394,9394,Delivered,59,209
9395,9395,Delivered,55,114
9396,9396,Delivered,56,181
9397,9397,Delivered,31,259
9398,9398,Delivered,38,259
9399,9399,Delivered,55,31
9400,9400,Delivered,59,56
9401,9401,Delivered,48,30
9402,9402,Delivered,66,104
9403,9403,Delivered,63,245
9404,9404,Delivered,32,143
9405,9405,Delivered,58,194
9406,9406,Delivered,52,110
9407,9407,Delivered,33,204
9408,9408,Delivered,67,130
9409,9409,Delivered,30,223
9410,9410,Delivered,39,251
9411,9411,Delivered,53,293
9412,9412,Delivered,25,230
9413,9413,Delivered,73,249
9414,9414,Delivered,60,12
9415,9415,Delivered,55,210
9416,9416,Delivered,31,286
9417,9417,Delivered,58,233
9418,9418,Delivered,71,234
9419,9419,Cancelled,0,287
9420,9420,Delivered,28,212
9421,9421,Delivered,39,171
9422,9422,Delivered,30,190
9423,9423,Delivered,65,77
9424,9424,Delivered,73,30
9425,9425,Delivered,62,281
9426,9426,Delivered,43,69
9427,9427,Delivered,22,147
9428,9428,Delivered,27,261
9429,9429,Delivered,57,124
9430,9430,Out for Delivery,12,235
9431,9431,Delivered,67,157
9432,9432,Delivered,24,157
9433,9433,Delivered,23,276
9434,9434,Cancelled,0,35
9435,9435,Delivered,20,128
9436,9436,Delivered,28,91
9437,9437,Delivered,29,117
9438,9438,Delivered,34,47
9439,9439,Delivered,62,13
9440,9440,Delivered,42,52
9441,9441,Delivered,58,235
9442,9442,Delivered,53,9
9443,9443,Out for Delivery,18,258
9444,9444,Delivered,26,9
9445,9445,Delivered,44,98
9446,9446,Delivered,38,205
9447,9447,Delivered,25,167
9448,9448,Delivered,61,234
9449,9449,Delivered,62,237
9450,9450,Delivered,70,225
9451,9451,Delivered,59,54
9452,9452,Delivered,64,18
9453,9453,Delivered,48,231
9454,9454,Delivered,55,166
9455,9455,Delivered,75,258
9456,9456,Delivered,20,98
9457,9457,Delivered,72,38
9458,9458,Delivered,51,61
9459,9459,Delivered,69,210
9460,9460,Out for Delivery,35,163
9461,9461,Delivered,45,59
9462,9462,Delivered,47,245
9463,9463,Delivered,20,9
9464,9464,Out for Delivery,16,108
9465,9465,Delivered,28,100
9466,9466,Delivered,71,259
9467,9467,Delivered,70,22
9468,9468,Delivered,64,199
9469,9469,Delivered,37,231
9470,9470,Delivered,20,44
9471,9471,Delivered,52,144
9472,9472,Delivered,37,177
9473,9473,Delivered,41,246
9474,9474,Delivered,36,150
9475,9475,Delivered,59,295
9476,9476,Delivered,25,196
9477,9477,Delivered,42,262
9478,9478,Delivered,64,43
9479,9479,Delivered,25,211
9480,9480,Delivered,45,285
9481,9481,Delivered,25,169
9482,9482,Delivered,53,227
9483,9483,Delivered,40,106
9484,9484,Delivered,56,283
9485,9485,Delivered,24,220
9486,9486,Delivered,51,13
9487,9487,Delivered,40,192
9488,9488,Cancelled,0,50
9489,9489,Delivered,61,52
9490,9490,Cancelled,0,130
9491,9491,Delivered,74,189
9492,9492,Delivered,49,157
9493,9493,Delivered,20,50
9494,9494,Delivered,51,161
9495,9495,Delivered,72,226
9496,9496,Delivered,21,134
9497,9497,Delivered,73,123
9498,9498,Delivered,74,101
9499,9499,Delivered,29,24
9500,9500,Delivered,53,117
9501,9501,Delivered,35,64
9502,9502,Cancelled,0,170
9503,9503,Delivered,58,188
9504,9504,Delivered,29,52
9505,9505,Delivered,49,55
9506,9506,Delivered,39,91
9507,9507,Delivered,47,266
9508,9508,Out for Delivery,25,202
9509,9509,Delivered,48,247
9510,9510,Delivered,24,242
9511,9511,Delivered,27,76
9512,9512,Delivered,32,275
9513,9513,Delivered,53,270
9514,9514,Delivered,63,91
9515,9515,Delivered,49,260
9516,9516,Delivered,57,12
9517,9517,Delivered,59,149
9518,9518,Delivered,64,215
9519,9519,Delivered,68,26
9520,9520,Cancelled,0,185
9521,9521,Cancelled,0,143
9522,9522,Out for Delivery,31,12
9523,9523,Delivered,72,9
9524,9524,Delivered,52,295
9525,9525,Out for Delivery,16,4
9526,9526,Cancelled,0,48
9527,9527,Delivered,43,196
9528,9528,Delivered,54,95
9529,9529,Delivered,75,137
9530,9530,Cancelled,0,145
9531,9531,Delivered,42,149
9532,9532,Delivered,34,15
9533,9533,Delivered,55,273
9534,9534,Delivered,39,14
9535,9535,Delivered,56,62
9536,9536,Delivered,42,256
9537,9537,Delivered,23,282
9538,9538,Delivered,63,162
9539,9539,Delivered,57,106
9540,9540,Delivered,39,7
9541,9541,Delivered,30,223
9542,9542,Delivered,38,108
9543,9543,Delivered,70,257
9544,9544,Delivered,60,235
9545,9545,Delivered,31,124
9546,9546,Delivered,25,51
9547,9547,Delivered,32,98
9548,9548,Delivered,48,95
9549,9549,Delivered,32,99
9550,9550,Delivered,70,198
9551,9551,Cancelled,0,8
9552,9552,Delivered,55,11
9553,9553,Delivered,73,55
9554,9554,Delivered,21,229
9555,9555,Delivered,70,247
9556,9556,Delivered,74,166
9557,9557,Delivered,42,149
9558,9558,Delivered,58,163
9559,9559,Delivered,75,123
9560,9560,Delivered,20,7
9561,9561,Delivered,59,173
9562,9562,Delivered,41,94
9563,9563,Delivered,73,166
9564,9564,Delivered,61,166
9565,9565,Delivered,75,40
9566,9566,Cancelled,0,131
9567,9567,Delivered,60,178
9568,9568,Delivered,74,136
9569,9569,Delivered,65,183
9570,9570,Delivered,58,13
9571,9571,Delivered,37,126
9572,9572,Delivered,36,181
9573,9573,Delivered,72,179
9574,9574,Delivered,31,277
9575,9575,Delivered,46,254
9576,9576,Delivered,22,292
9577,9577,Delivered,48,292
9578,9578,Cancelled,0,79
9579,9579,Delivered,35,202
9580,9580,Delivered,37,74
9581,9581,Delivered,33,76
9582,9582,Delivered,34,165
9583,9583,Delivered,44,259
9584,9584,Delivered,33,273
9585,9585,Delivered,27,127
9586,9586,Delivered,34,123
9587,9587,Delivered,23,277
9588,9588,Delivered,21,219
9589,9589,Delivered,23,19
9590,9590,Delivered,72,137
9591,9591,Delivered,67,193
9592,9592,Delivered,72,289
9593,9593,Delivered,23,160
9594,9594,Delivered,62,115
9595,9595,Delivered,70,76
9596,9596,Delivered,41,293
9597,9597,Out for Delivery,33,219
9598,9598,Out for Delivery,27,281
9599,9599,Delivered,72,236
9600,9600,Delivered,62,201
9601,9601,Delivered,57,249
9602,9602,Delivered,33,161
9603,9603,Delivered,44,228
9604,9604,Out for Delivery,12,121
9605,9605,Delivered,55,167
9606,9606,Out for Delivery,20,181
9607,9607,Cancelled,0,163
9608,9608,Cancelled,0,247
9609,9609,Delivered,49,179
9610,9610,Delivered,55,112
9611,9611,Delivered,37,300
9612,9612,Delivered,41,210
9613,9613,Delivered,24,256
9614,9614,Delivered,63,49
9615,9615,Delivered,47,264
9616,9616,Delivered,56,231
9617,9617,Delivered,39,63
9618,9618,Delivered,66,170
9619,9619,Delivered,68,27
9620,9620,Delivered,50,172
9621,9621,Delivered,73,294
9622,9622,Delivered,54,159
9623,9623,Delivered,56,12
9624,9624,Delivered,65,224
9625,9625,Delivered,58,268
9626,9626,Delivered,32,137
9627,9627,Delivered,53,70
9628,9628,Delivered,49,169
9629,9629,Delivered,56,151
9630,9630,Delivered,30,51
9631,9631,Delivered,42,223
9632,9632,Delivered,25,268
9633,9633,Delivered,54,184
9634,9634,Delivered,46,142
9635,9635,Cancelled,0,88
9636,9636,Delivered,73,237
9637,9637,Delivered,64,170
9638,9638,Delivered,58,169
9639,9639,Out for Delivery,19,158
9640,9640,Delivered,55,175
9641,9641,Delivered,29,185
9642,9642,Out for Delivery,21,276
9643,9643,Delivered,28,190
9644,9644,Delivered,43,80
9645,9645,Delivered,68,187
9646,9646,Delivered,29,142
9647,9647,Cancelled,0,74
9648,9648,Delivered,65,144
9649,9649,Delivered,33,48
9650,9650,Delivered,28,116
9651,9651,Delivered,24,96
9652,9652,Delivered,29,51
9653,9653,Delivered,47,278
9654,9654,Delivered,44,64
9655,9655,Delivered,60,289
9656,9656,Delivered,68,220
9657,9657,Delivered,27,67
9658,9658,Delivered,28,188
9659,9659,Delivered,44,183
9660,9660,Delivered,68,85
9661,9661,Delivered,58,22
9662,9662,Delivered,52,86
9663,9663,Delivered,24,58
9664,9664,Delivered,70,29
9665,9665,Delivered,44,262
9666,9666,Delivered,48,51
9667,9667,Delivered,20,28
9668,9668,Delivered,65,176
9669,9669,Delivered,38,121
9670,9670,Delivered,42,211
9671,9671,Delivered,73,10
9672,9672,Delivered,49,270
9673,9673,Cancelled,0,99
9674,9674,Delivered,42,172
9675,9675,Delivered,53,88
9676,9676,Delivered,32,247
9677,9677,Delivered,67,180
9678,9678,Delivered,56,30
9679,9679,Delivered,32,218
9680,9680,Cancelled,0,35
9681,9681,Delivered,75,287
9682,9682,Delivered,32,282
9683,9683,Delivered,52,211
9684,9684,Delivered,68,77
9685,9685,Delivered,49,26
9686,9686,Delivered,50,196
9687,9687,Delivered,58,162
9688,9688,Delivered,57,36
9689,9689,Delivered,28,300
9690,9690,Out for Delivery,18,263
9691,9691,Delivered,55,109
9692,9692,Delivered,44,187
9693,9693,Cancelled,0,104
9694,9694,Delivered,66,204
9695,9695,Delivered,71,39
9696,9696,Delivered,71,242
9697,9697,Delivered,41,130
9698,9698,Delivered,22,235
9699,9699,Delivered,43,155
9700,9700,Delivered,44,204
9701,9701,Delivered,70,192
9702,9702,Delivered,71,245
9703,9703,Delivered,56,63
9704,9704,Delivered,20,221
9705,9705,Delivered,40,169
9706,9706,Delivered,24,4
9707,9707,Delivered,67,107
9708,9708,Delivered,20,147
9709,9709,Delivered,63,164
9710,9710,Delivered,71,237
9711,9711,Delivered,26,6
9712,9712,Delivered,43,159
9713,9713,Delivered,27,188
9714,9714,Delivered,34,104
9715,9715,Cancelled,0,217
9716,9716,Cancelled,0,71
9717,9717,Cancelled,0,48
9718,9718,Delivered,57,70
9719,9719,Delivered,44,93
9720,9720,Delivered,32,240
9721,9721,Delivered,27,183
9722,9722,Delivered,57,20
9723,9723,Delivered,73,176
9724,9724,Delivered,64,17
9725,9725,Delivered,70,31
9726,9726,Cancelled,0,254
9727,9727,Delivered,32,242
9728,9728,Delivered,31,260
9729,9729,Delivered,21,190
9730,9730,Cancelled,0,11
9731,9731,Delivered,40,286
9732,9732,Delivered,55,230
9733,9733,Delivered,55,102
9734,9734,Delivered,56,160
9735,9735,Delivered,34,217
9736,9736,Delivered,50,54
9737,9737,Delivered,60,264
9738,9738,Delivered,51,178
9739,9739,Delivered,67,152
9740,9740,Delivered,71,52
9741,9741,Delivered,34,158
9742,9742,Delivered,71,218
9743,9743,Delivered,75,150
9744,9744,Delivered,64,138
9745,9745,Delivered,63,128
9746,9746,Delivered,68,283
9747,9747,Out for Delivery,12,260
9748,9748,Delivered,51,143
9749,9749,Delivered,58,197
9750,9750,Delivered,74,227
9751,9751,Delivered,66,124
9752,9752,Delivered,74,157
9753,9753,Delivered,64,110
9754,9754,Delivered,62,76
9755,9755,Delivered,29,10
9756,9756,Delivered,45,296
9757,9757,Delivered,39,118
9758,9758,Delivered,25,163
9759,9759,Delivered,51,58
9760,9760,Delivered,22,34
9761,9761,Out for Delivery,20,234
9762,9762,Delivered,43,49
9763,9763,Delivered,60,266
9764,9764,Delivered,58,12
9765,9765,Delivered,47,273
9766,9766,Delivered,53,177
9767,9767,Out for Delivery,21,218
9768,9768,Delivered,47,122
9769,9769,Delivered,60,137
9770,9770,Delivered,27,63
9771,9771,Delivered,51,296
9772,9772,Delivered,36,286
9773,9773,Delivered,30,186
9774,9774,Cancelled,0,20
9775,9775,Delivered,40,23
9776,9776,Delivered,73,97
9777,9777,Delivered,40,210
9778,9778,Delivered,58,257
9779,9779,Delivered,35,61
9780,9780,Delivered,63,180
9781,9781,Out for Delivery,16,25
9782,9782,Delivered,63,229
9783,9783,Delivered,26,159
9784,9784,Delivered,33,141
9785,9785,Delivered,72,13
9786,9786,Delivered,68,74
9787,9787,Delivered,58,190
9788,9788,Delivered,25,277
9789,9789,Delivered,35,58
9790,9790,Delivered,25,257
9791,9791,Delivered,30,123
9792,9792,Delivered,69,69
9793,9793,Delivered,38,203
9794,9794,Delivered,25,209
9795,9795,Delivered,45,122
9796,9796,Delivered,53,38
9797,9797,Delivered,37,221
9798,9798,Delivered,51,295
9799,9799,Delivered,53,91
9800,9800,Delivered,36,188
9801,9801,Delivered,43,55
9802,9802,Out for Delivery,15,132
9803,9803,Cancelled,0,9
9804,9804,Delivered,71,41
9805,9805,Delivered,60,197
9806,9806,Delivered,69,89
9807,9807,Delivered,20,221
9808,9808,Delivered,25,48
9809,9809,Delivered,22,152
9810,9810,Out for Delivery,35,136
9811,9811,Delivered,73,113
9812,9812,Delivered,50,287
9813,9813,Delivered,73,74
9814,9814,Delivered,66,140
9815,9815,Delivered,38,222
9816,9816,Delivered,32,233
9817,9817,Delivered,22,227
9818,9818,Delivered,56,199
9819,9819,Delivered,28,161
9820,9820,Delivered,59,182
9821,9821,Delivered,67,198
9822,9822,Delivered,50,163
9823,9823,Delivered,38,66
9824,9824,Out for Delivery,30,139
9825,9825,Cancelled,0,35
9826,9826,Delivered,37,53
9827,9827,Delivered,49,18
9828,9828,Delivered,23,112
9829,9829,Delivered,69,267
9830,9830,Out for Delivery,36,185
9831,9831,Delivered,70,2
9832,9832,Delivered,37,105
9833,9833,Out for Delivery,18,221
9834,9834,Delivered,23,298
9835,9835,Delivered,49,96
9836,9836,Delivered,42,138
9837,9837,Delivered,20,207
9838,9838,Delivered,22,113
9839,9839,Delivered,49,191
9840,9840,Delivered,59,89
9841,9841,Delivered,59,123
9842,9842,Delivered,34,237
9843,9843,Delivered,53,82
9844,9844,Delivered,42,61
9845,9845,Cancelled,0,277
9846,9846,Delivered,20,217
9847,9847,Delivered,48,235
9848,9848,Delivered,41,182
9849,9849,Delivered,55,192
9850,9850,Delivered,45,231
9851,9851,Delivered,42,152
9852,9852,Delivered,53,267
9853,9853,Delivered,39,47
9854,9854,Delivered,34,129
9855,9855,Delivered,75,243
9856,9856,Delivered,66,265
9857,9857,Cancelled,0,168
9858,9858,Delivered,44,153
9859,9859,Delivered,71,231
9860,9860,Cancelled,0,209
9861,9861,Delivered,20,40
9862,9862,Delivered,45,213
9863,9863,Delivered,38,122
9864,9864,Delivered,39,157
9865,9865,Delivered,28,120
9866,9866,Delivered,58,283
9867,9867,Cancelled,0,243
9868,9868,Delivered,59,95
9869,9869,Delivered,73,253
9870,9870,Delivered,42,213
9871,9871,Delivered,58,191
9872,9872,Delivered,34,211
9873,9873,Out for Delivery,11,69
9874,9874,Delivered,62,6
9875,9875,Delivered,50,209
9876,9876,Delivered,60,11
9877,9877,Delivered,38,34
9878,9878,Out for Delivery,19,198
9879,9879,Delivered,43,4
9880,9880,Delivered,68,154
9881,9881,Delivered,41,59
9882,9882,Delivered,51,177
9883,9883,Delivered,74,11
9884,9884,Delivered,47,93
9885,9885,Delivered,72,223
9886,9886,Delivered,43,180
9887,9887,Delivered,45,46
9888,9888,Delivered,29,33
9889,9889,Delivered,62,99
9890,9890,Delivered,66,81
9891,9891,Delivered,40,261
9892,9892,Delivered,36,249
9893,9893,Delivered,44,300
9894,9894,Cancelled,0,181
9895,9895,Delivered,45,135
9896,9896,Cancelled,0,170
9897,9897,Delivered,43,61
9898,9898,Delivered,36,4
9899,9899,Delivered,34,294
9900,9900,Out for Delivery,25,251
9901,9901,Delivered,24,40
9902,9902,Delivered,74,40
9903,9903,Cancelled,0,276
9904,9904,Delivered,65,210
9905,9905,Cancelled,0,39
9906,9906,Cancelled,0,234
9907,9907,Delivered,35,211
9908,9908,Delivered,39,257
9909,9909,Delivered,41,26
9910,9910,Out for Delivery,16,59
9911,9911,Delivered,54,191
9912,9912,Delivered,52,173
9913,9913,Delivered,31,112
9914,9914,Delivered,57,140
9915,9915,Delivered,20,137
9916,9916,Delivered,37,96
9917,9917,Delivered,40,272
9918,9918,Out for Delivery,13,170
9919,9919,Delivered,63,272
9920,9920,Delivered,33,138
9921,9921,Delivered,62,272
9922,9922,Delivered,60,66
9923,9923,Delivered,69,195
9924,9924,Delivered,48,258
9925,9925,Delivered,61,209
9926,9926,Delivered,62,145
9927,9927,Delivered,58,171
9928,9928,Delivered,22,139
9929,9929,Delivered,72,178
9930,9930,Delivered,26,220
9931,9931,Delivered,62,99
9932,9932,Cancelled,0,249
9933,9933,Delivered,39,69
9934,9934,Delivered,33,208
9935,9935,Delivered,53,183
9936,9936,Delivered,68,88
9937,9937,Delivered,55,288
9938,9938,Delivered,47,225
9939,9939,Delivered,20,261
9940,9940,Delivered,54,85
9941,9941,Out for Delivery,10,300
9942,9942,Delivered,37,4
9943,9943,Delivered,22,139
9944,9944,Delivered,34,141
9945,9945,Delivered,30,89
9946,9946,Delivered,39,49
9947,9947,Delivered,39,36
9948,9948,Cancelled,0,63
9949,9949,Delivered,58,174
9950,9950,Delivered,37,55
9951,9951,Delivered,38,205
9952,9952,Cancelled,0,98
9953,9953,Delivered,31,18
9954,9954,Delivered,49,70
9955,9955,Delivered,34,21
9956,9956,Delivered,21,134
9957,9957,Delivered,47,252
9958,9958,Delivered,55,84
9959,9959,Out for Delivery,22,65
9960,9960,Out for Delivery,33,229
9961,9961,Delivered,65,14
9962,9962,Delivered,51,82
9963,9963,Delivered,49,72
9964,9964,Delivered,60,242
9965,9965,Delivered,75,203
9966,9966,Delivered,34,32
9967,9967,Delivered,65,117
9968,9968,Delivered,35,270
9969,9969,Delivered,70,228
9970,9970,Delivered,21,198
9971,9971,Delivered,69,293
9972,9972,Delivered,42,6
9973,9973,Delivered,53,46
9974,9974,Delivered,64,154
9975,9975,Delivered,27,24
9976,9976,Delivered,46,84
9977,9977,Delivered,25,286
9978,9978,Delivered,29,66
9979,9979,Delivered,69,224
9980,9980,Delivered,28,86
9981,9981,Delivered,54,9
9982,9982,Delivered,36,78
9983,9983,Delivered,46,76
9984,9984,Delivered,48,119
9985,9985,Delivered,62,78
9986,9986,Delivered,63,21
9987,9987,Delivered,59,234
9988,9988,Delivered,25,41
9989,9989,Delivered,55,28
9990,9990,Delivered,71,62
9991,9991,Delivered,55,72
9992,9992,Cancelled,0,67
9993,9993,Delivered,44,231
9994,9994,Delivered,34,34
9995,9995,Delivered,35,135
9996,9996,Delivered,69,259
9997,9997,Delivered,47,43
9998,9998,Delivered,58,211
9999,9999,Delivered,49,175
10000,10000,Delivered,46,257
